timestamp,cash,portfolio_value,total_pnl,run_id
2025-08-15 08:58:00+00:00,100000.0,100000.0,0.0,38121fff
2025-08-15 08:59:00+00:00,100000.0,100000.0,0.0,38121fff
2025-08-15 09:00:00+00:00,100000.0,100000.0,0.0,38121fff
2025-08-15 09:01:00+00:00,100000.0,100000.0,0.0,38121fff
2025-08-15 09:02:00+00:00,100000.0,100000.0,0.0,38121fff
2025-08-15 09:03:00+00:00,100000.0,100000.0,0.0,38121fff
2025-08-15 09:04:00+00:00,100000.0,100000.0,0.0,38121fff
2025-08-15 09:05:00+00:00,100000.0,100000.0,0.0,38121fff
2025-08-15 09:06:00+00:00,100000.0,100000.0,0.0,38121fff
2025-08-15 09:07:00+00:00,100000.0,100000.0,0.0,38121fff
2025-08-15 09:08:00+00:00,100000.0,100000.0,0.0,38121fff
2025-08-15 09:09:00+00:00,100000.0,100000.0,0.0,38121fff
2025-08-15 09:10:00+00:00,100000.0,100000.0,0.0,38121fff
2025-08-15 09:11:00+00:00,100000.0,100000.0,0.0,38121fff
2025-08-15 09:12:00+00:00,-19140.622661059984,99821.49733894001,-178.5026610599889,38121fff
2025-08-15 09:13:00+00:00,-138269.10713605996,99630.89286394004,-369.1071360599599,38121fff
2025-08-15 09:14:00+00:00,-257370.33076744995,99398.00923255002,-601.9907674499846,38121fff
2025-08-15 09:15:00+00:00,-376457.18286666495,99176.53713333502,-823.4628666649805,38121fff
2025-08-15 09:16:00+00:00,-495526.76909725997,98929.18090273999,-1070.8190972600132,38121fff
2025-08-15 09:17:00+00:00,-495526.76909725997,98828.48090274003,-1171.5190972599667,38121fff
2025-08-15 09:18:00+00:00,-495526.76909725997,98648.03090274008,-1351.96909725992,38121fff
2025-08-15 09:19:00+00:00,-495526.76909725997,98633.23090274003,-1366.7690972599667,38121fff
2025-08-15 09:20:00+00:00,-495526.76909725997,98687.08090274001,-1312.91909725999,38121fff
2025-08-15 09:21:00+00:00,-495526.76909725997,98628.78090274008,-1371.21909725992,38121fff
2025-08-15 09:22:00+00:00,-495526.76909725997,98475.08090274001,-1524.91909725999,38121fff
2025-08-15 09:23:00+00:00,-495526.76909725997,98473.23090274003,-1526.7690972599667,38121fff
2025-08-15 09:24:00+00:00,-495526.76909725997,98430.93090273999,-1569.0690972600132,38121fff
2025-08-15 09:25:00+00:00,-495526.76909725997,98513.23090274003,-1486.7690972599667,38121fff
2025-08-15 09:26:00+00:00,-495526.76909725997,98415.08090274001,-1584.91909725999,38121fff
2025-08-15 09:27:00+00:00,-495526.76909725997,98175.6809027401,-1824.3190972598968,38121fff
2025-08-15 09:28:00+00:00,-495526.76909725997,98153.23090274003,-1846.7690972599667,38121fff
2025-08-15 09:29:00+00:00,-495526.76909725997,98041.98090274003,-1958.0190972599667,38121fff
2025-08-15 09:30:00+00:00,-495526.76909725997,98358.23090274003,-1641.7690972599667,38121fff
2025-08-15 09:31:00+00:00,-495526.76909725997,98320.48090274003,-1679.5190972599667,38121fff
2025-08-15 09:32:00+00:00,-495526.76909725997,98628.73090274003,-1371.2690972599667,38121fff
2025-08-15 09:33:00+00:00,-495526.76909725997,98929.23090274003,-1070.7690972599667,38121fff
2025-08-15 09:34:00+00:00,-495526.76909725997,98813.78090274008,-1186.21909725992,38121fff
2025-08-15 09:35:00+00:00,-495526.76909725997,98698.98090274003,-1301.0190972599667,38121fff
2025-08-15 09:36:00+00:00,-495526.76909725997,98693.28090273996,-1306.7190972600365,38121fff
2025-08-15 09:37:00+00:00,-495526.76909725997,98393.13090274006,-1606.8690972599434,38121fff
2025-08-15 09:38:00+00:00,-495526.76909725997,98309.03090274008,-1690.96909725992,38121fff
2025-08-15 09:39:00+00:00,-495526.76909725997,98532.53090274008,-1467.46909725992,38121fff
2025-08-15 09:40:00+00:00,-495526.76909725997,98392.33090274013,-1607.6690972598735,38121fff
2025-08-15 09:41:00+00:00,-495526.76909725997,97981.08090274013,-2018.9190972598735,38121fff
2025-08-15 09:42:00+00:00,-495526.76909725997,98125.43090273999,-1874.5690972600132,38121fff
2025-08-15 09:43:00+00:00,-495526.76909725997,98099.73090274003,-1900.2690972599667,38121fff
2025-08-15 09:44:00+00:00,-495526.76909725997,98180.98090274003,-1819.0190972599667,38121fff
2025-08-15 09:45:00+00:00,-495526.76909725997,98123.28090273996,-1876.7190972600365,38121fff
2025-08-15 09:46:00+00:00,-495526.76909725997,98173.28090273996,-1826.7190972600365,38121fff
2025-08-15 09:47:00+00:00,-495526.76909725997,98135.88090274006,-1864.1190972599434,38121fff
2025-08-15 09:48:00+00:00,-495526.76909725997,98096.38090274006,-1903.6190972599434,38121fff
2025-08-15 09:49:00+00:00,-495526.76909725997,98351.58090274001,-1648.41909725999,38121fff
2025-08-15 09:50:00+00:00,-495526.76909725997,98588.08090274001,-1411.91909725999,38121fff
2025-08-15 09:51:00+00:00,-495526.76909725997,98423.23090274003,-1576.7690972599667,38121fff
2025-08-15 09:52:00+00:00,-495526.76909725997,98032.28090274008,-1967.71909725992,38121fff
2025-08-15 09:53:00+00:00,-495526.76909725997,98248.23090274003,-1751.7690972599667,38121fff
2025-08-15 09:54:00+00:00,-495526.76909725997,98096.48090274003,-1903.5190972599667,38121fff
2025-08-15 09:55:00+00:00,-495526.76909725997,97839.33090274001,-2160.66909725999,38121fff
2025-08-15 09:56:00+00:00,-495526.76909725997,97543.23090274003,-2456.7690972599667,38121fff
2025-08-15 09:57:00+00:00,-495526.76909725997,97720.78090273996,-2279.2190972600365,38121fff
2025-08-15 09:58:00+00:00,-495526.76909725997,97934.78090274008,-2065.21909725992,38121fff
2025-08-15 09:59:00+00:00,-495526.76909725997,98013.1809027401,-1986.8190972598968,38121fff
2025-08-15 10:00:00+00:00,-495526.76909725997,98473.23090274003,-1526.7690972599667,38121fff
2025-08-15 10:01:00+00:00,-495526.76909725997,98359.88090274006,-1640.1190972599434,38121fff
2025-08-15 10:02:00+00:00,-495526.76909725997,98749.33090274001,-1250.66909725999,38121fff
2025-08-15 10:03:00+00:00,-495526.76909725997,98793.63090274006,-1206.3690972599434,38121fff
2025-08-15 10:04:00+00:00,-495526.76909725997,98631.53090274008,-1368.46909725992,38121fff
2025-08-15 10:05:00+00:00,-495526.76909725997,98500.08090274001,-1499.91909725999,38121fff
2025-08-15 10:06:00+00:00,-495526.76909725997,98962.33090274013,-1037.6690972598735,38121fff
2025-08-15 10:07:00+00:00,-495526.76909725997,99253.53090274008,-746.4690972599201,38121fff
2025-08-15 10:08:00+00:00,-495526.76909725997,99253.58090274013,-746.4190972598735,38121fff
2025-08-15 10:09:00+00:00,-495526.76909725997,99216.33090274001,-783.6690972599899,38121fff
2025-08-15 10:10:00+00:00,-495526.76909725997,98985.38090273994,-1014.6190972600598,38121fff
2025-08-15 10:11:00+00:00,-495526.76909725997,98925.33090274001,-1074.66909725999,38121fff
2025-08-15 10:12:00+00:00,-495526.76909725997,98807.78090274008,-1192.21909725992,38121fff
2025-08-15 10:13:00+00:00,-495526.76909725997,98973.1809027401,-1026.8190972598968,38121fff
2025-08-15 10:14:00+00:00,-495526.76909725997,98796.88090274006,-1203.1190972599434,38121fff
2025-08-15 10:15:00+00:00,-495526.76909725997,98713.13090274006,-1286.8690972599434,38121fff
2025-08-15 10:16:00+00:00,-495526.76909725997,98976.08090274013,-1023.9190972598735,38121fff
2025-08-15 10:17:00+00:00,-495526.76909725997,99159.63090274006,-840.3690972599434,38121fff
2025-08-15 10:18:00+00:00,-495526.76909725997,99088.53090274008,-911.4690972599201,38121fff
2025-08-15 10:19:00+00:00,-495526.76909725997,99163.1809027401,-836.8190972598968,38121fff
2025-08-15 10:20:00+00:00,-495526.76909725997,99303.13890274009,-696.8610972599126,38121fff
2025-08-15 10:21:00+00:00,-495526.76909725997,99303.13890274009,-696.8610972599126,38121fff
2025-08-15 10:22:00+00:00,-495526.76909725997,99303.13890274009,-696.8610972599126,38121fff
2025-08-15 10:23:00+00:00,-495526.76909725997,99161.28090274008,-838.7190972599201,38121fff
2025-08-15 10:24:00+00:00,-495526.76909725997,99198.93090273999,-801.0690972600132,38121fff
2025-08-15 10:25:00+00:00,-495526.76909725997,99303.13890274009,-696.8610972599126,38121fff
2025-08-15 10:26:00+00:00,-495526.76909725997,99303.13890274009,-696.8610972599126,38121fff
2025-08-15 10:27:00+00:00,-495526.76909725997,99303.13890274009,-696.8610972599126,38121fff
2025-08-15 10:28:00+00:00,-495526.76909725997,99303.13890274009,-696.8610972599126,38121fff
2025-08-15 10:29:00+00:00,-495526.76909725997,99303.13890274009,-696.8610972599126,38121fff
2025-08-15 10:30:00+00:00,-495526.76909725997,99293.23090274003,-706.7690972599667,38121fff
2025-08-15 10:31:00+00:00,-495526.76909725997,99064.38090274006,-935.6190972599434,38121fff
2025-08-15 10:32:00+00:00,-495526.76909725997,99183.23090274003,-816.7690972599667,38121fff
2025-08-15 10:33:00+00:00,-495526.76909725997,99217.88090273994,-782.1190972600598,38121fff
2025-08-15 10:34:00+00:00,-495526.76909725997,99295.28090274008,-704.7190972599201,38121fff
2025-08-15 10:35:00+00:00,-495526.76909725997,99226.83090274001,-773.1690972599899,38121fff
2025-08-15 10:36:00+00:00,-495526.76909725997,99019.03090274008,-980.9690972599201,38121fff
2025-08-15 10:37:00+00:00,-495526.76909725997,98887.58090274001,-1112.41909725999,38121fff
2025-08-15 10:38:00+00:00,-495526.76909725997,98866.43090273999,-1133.5690972600132,38121fff
2025-08-15 10:39:00+00:00,-495526.76909725997,99203.13090274006,-796.8690972599434,38121fff
2025-08-15 10:40:00+00:00,-495526.76909725997,99303.13890274009,-696.8610972599126,38121fff
2025-08-15 10:41:00+00:00,-495526.76909725997,99303.13890274009,-696.8610972599126,38121fff
2025-08-15 10:42:00+00:00,-495526.76909725997,99303.13890274009,-696.8610972599126,38121fff
2025-08-15 10:43:00+00:00,-495526.76909725997,99303.13890274009,-696.8610972599126,38121fff
2025-08-15 10:44:00+00:00,-495526.76909725997,99303.13890274009,-696.8610972599126,38121fff
2025-08-15 10:45:00+00:00,-495526.76909725997,99303.13890274009,-696.8610972599126,38121fff
2025-08-15 10:46:00+00:00,-495526.76909725997,99303.13090274006,-696.8690972599434,38121fff
2025-08-15 10:47:00+00:00,-495526.76909725997,99044.38090274006,-955.6190972599434,38121fff
2025-08-15 10:48:00+00:00,-495526.76909725997,99116.78090274008,-883.2190972599201,38121fff
2025-08-15 10:49:00+00:00,-495526.76909725997,99056.18090273999,-943.8190972600132,38121fff
2025-08-15 10:50:00+00:00,-495526.76909725997,99015.13090274006,-984.8690972599434,38121fff
2025-08-15 10:51:00+00:00,-495526.76909725997,98943.1809027401,-1056.8190972598968,38121fff
2025-08-15 10:52:00+00:00,-495526.76909725997,98883.1809027401,-1116.8190972598968,38121fff
2025-08-15 10:53:00+00:00,-495526.76909725997,99000.63090274006,-999.3690972599434,38121fff
2025-08-15 10:54:00+00:00,-495526.76909725997,99007.53090274008,-992.4690972599201,38121fff
2025-08-15 10:55:00+00:00,-495526.76909725997,98968.38090274006,-1031.6190972599434,38121fff
2025-08-15 10:56:00+00:00,-495526.76909725997,99095.33090274001,-904.6690972599899,38121fff
2025-08-15 10:57:00+00:00,-495526.76909725997,98964.53090273996,-1035.4690972600365,38121fff
2025-08-15 10:58:00+00:00,-495526.76909725997,98916.78090274008,-1083.21909725992,38121fff
2025-08-15 10:59:00+00:00,-495526.76909725997,98872.38090274006,-1127.6190972599434,38121fff
2025-08-15 11:00:00+00:00,-495526.76909725997,98998.78090274008,-1001.2190972599201,38121fff
2025-08-15 11:01:00+00:00,-495526.76909725997,99303.13890274009,-696.8610972599126,38121fff
2025-08-15 11:02:00+00:00,-495526.76909725997,99303.13890274009,-696.8610972599126,38121fff
2025-08-15 11:03:00+00:00,-495526.76909725997,99303.13890274009,-696.8610972599126,38121fff
2025-08-15 11:04:00+00:00,-495526.76909725997,99303.13890274009,-696.8610972599126,38121fff
2025-08-15 11:05:00+00:00,-495526.76909725997,99303.13890274009,-696.8610972599126,38121fff
2025-08-15 11:06:00+00:00,-495526.76909725997,99303.13890274009,-696.8610972599126,38121fff
2025-08-15 11:07:00+00:00,-495526.76909725997,99303.13890274009,-696.8610972599126,38121fff
2025-08-15 11:08:00+00:00,-495526.76909725997,99303.13890274009,-696.8610972599126,38121fff
2025-08-15 11:09:00+00:00,-495526.76909725997,99303.13890274009,-696.8610972599126,38121fff
2025-08-15 11:10:00+00:00,-495526.76909725997,99303.13890274009,-696.8610972599126,38121fff
2025-08-15 11:11:00+00:00,-495526.76909725997,99303.13890274009,-696.8610972599126,38121fff
2025-08-15 11:12:00+00:00,-495526.76909725997,99303.13890274009,-696.8610972599126,38121fff
2025-08-15 11:13:00+00:00,-495526.76909725997,99303.13890274009,-696.8610972599126,38121fff
2025-08-15 11:14:00+00:00,-495526.76909725997,99303.13890274009,-696.8610972599126,38121fff
2025-08-15 11:15:00+00:00,-495526.76909725997,99303.13890274009,-696.8610972599126,38121fff
2025-08-15 11:16:00+00:00,-495526.76909725997,99303.13890274009,-696.8610972599126,38121fff
2025-08-15 11:17:00+00:00,-495526.76909725997,99303.13890274009,-696.8610972599126,38121fff
2025-08-15 11:18:00+00:00,-495526.76909725997,99303.13890274009,-696.8610972599126,38121fff
2025-08-15 11:19:00+00:00,-495526.76909725997,99303.13890274009,-696.8610972599126,38121fff
2025-08-15 11:20:00+00:00,-495526.76909725997,99303.13890274009,-696.8610972599126,38121fff
2025-08-15 11:21:00+00:00,-495526.76909725997,99303.13890274009,-696.8610972599126,38121fff
2025-08-15 11:22:00+00:00,-495526.76909725997,99303.13890274009,-696.8610972599126,38121fff
2025-08-15 11:23:00+00:00,-495526.76909725997,99303.13890274009,-696.8610972599126,38121fff
2025-08-15 11:24:00+00:00,-495526.76909725997,99303.13890274009,-696.8610972599126,38121fff
2025-08-15 11:25:00+00:00,-495526.76909725997,99303.13890274009,-696.8610972599126,38121fff
2025-08-15 11:26:00+00:00,-495526.76909725997,99303.13890274009,-696.8610972599126,38121fff
2025-08-15 11:27:00+00:00,-495526.76909725997,99303.13890274009,-696.8610972599126,38121fff
2025-08-15 11:28:00+00:00,-495526.76909725997,99303.13890274009,-696.8610972599126,38121fff
2025-08-15 11:29:00+00:00,-495526.76909725997,99303.13890274009,-696.8610972599126,38121fff
2025-08-15 11:30:00+00:00,-495526.76909725997,99303.13890274009,-696.8610972599126,38121fff
2025-08-15 11:31:00+00:00,-495526.76909725997,99303.13890274009,-696.8610972599126,38121fff
2025-08-15 11:32:00+00:00,-495526.76909725997,99303.13890274009,-696.8610972599126,38121fff
2025-08-15 11:33:00+00:00,-495526.76909725997,99303.13890274009,-696.8610972599126,38121fff
2025-08-15 11:34:00+00:00,-495526.76909725997,99303.13890274009,-696.8610972599126,38121fff
2025-08-15 11:35:00+00:00,-495526.76909725997,99303.13890274009,-696.8610972599126,38121fff
2025-08-15 11:36:00+00:00,-495526.76909725997,99303.13890274009,-696.8610972599126,38121fff
2025-08-15 11:37:00+00:00,-495526.76909725997,99303.13890274009,-696.8610972599126,38121fff
2025-08-15 11:38:00+00:00,-495526.76909725997,99303.13890274009,-696.8610972599126,38121fff
2025-08-15 11:39:00+00:00,-495526.76909725997,99303.13890274009,-696.8610972599126,38121fff
2025-08-15 11:40:00+00:00,-495526.76909725997,99303.13890274009,-696.8610972599126,38121fff
2025-08-15 11:41:00+00:00,-495526.76909725997,99303.13890274009,-696.8610972599126,38121fff
2025-08-15 11:42:00+00:00,-495526.76909725997,99303.13890274009,-696.8610972599126,38121fff
2025-08-15 11:43:00+00:00,-495526.76909725997,99303.13890274009,-696.8610972599126,38121fff
2025-08-15 11:44:00+00:00,-495526.76909725997,99303.13890274009,-696.8610972599126,38121fff
2025-08-15 11:45:00+00:00,-495526.76909725997,99303.13890274009,-696.8610972599126,38121fff
2025-08-15 11:46:00+00:00,-495526.76909725997,99303.13890274009,-696.8610972599126,38121fff
2025-08-15 11:47:00+00:00,-495526.76909725997,99303.13890274009,-696.8610972599126,38121fff
2025-08-15 11:48:00+00:00,-495526.76909725997,99303.13890274009,-696.8610972599126,38121fff
2025-08-15 11:49:00+00:00,-495526.76909725997,99303.13890274009,-696.8610972599126,38121fff
2025-08-15 11:50:00+00:00,-495526.76909725997,99303.13890274009,-696.8610972599126,38121fff
2025-08-15 11:51:00+00:00,-495526.76909725997,99303.13890274009,-696.8610972599126,38121fff
2025-08-15 11:52:00+00:00,-495526.76909725997,99303.13890274009,-696.8610972599126,38121fff
2025-08-15 11:53:00+00:00,-495526.76909725997,99303.13890274009,-696.8610972599126,38121fff
2025-08-15 11:54:00+00:00,-495526.76909725997,99303.13890274009,-696.8610972599126,38121fff
2025-08-15 11:55:00+00:00,-495526.76909725997,99303.13890274009,-696.8610972599126,38121fff
2025-08-15 11:56:00+00:00,-495526.76909725997,99303.13890274009,-696.8610972599126,38121fff
2025-08-15 11:57:00+00:00,-495526.76909725997,99303.13890274009,-696.8610972599126,38121fff
2025-08-15 11:58:00+00:00,-495526.76909725997,99303.13890274009,-696.8610972599126,38121fff
2025-08-15 11:59:00+00:00,-495526.76909725997,99303.13890274009,-696.8610972599126,38121fff
2025-08-15 12:00:00+00:00,-495526.76909725997,99303.13890274009,-696.8610972599126,38121fff
2025-08-15 12:01:00+00:00,-495526.76909725997,99301.43090273999,-698.5690972600132,38121fff
2025-08-15 12:02:00+00:00,-495526.76909725997,99303.13890274009,-696.8610972599126,38121fff
2025-08-15 12:03:00+00:00,-495526.76909725997,99303.13890274009,-696.8610972599126,38121fff
2025-08-15 12:04:00+00:00,-495526.76909725997,99303.13890274009,-696.8610972599126,38121fff
2025-08-15 12:05:00+00:00,-495526.76909725997,99303.13890274009,-696.8610972599126,38121fff
2025-08-15 12:06:00+00:00,-495526.76909725997,99303.13890274009,-696.8610972599126,38121fff
2025-08-15 12:07:00+00:00,-495526.76909725997,99303.13890274009,-696.8610972599126,38121fff
2025-08-15 12:08:00+00:00,-495526.76909725997,99303.13890274009,-696.8610972599126,38121fff
2025-08-15 12:09:00+00:00,-495526.76909725997,99303.13890274009,-696.8610972599126,38121fff
2025-08-15 12:10:00+00:00,-495526.76909725997,99303.13890274009,-696.8610972599126,38121fff
2025-08-15 12:11:00+00:00,-495526.76909725997,99303.13890274009,-696.8610972599126,38121fff
2025-08-15 12:12:00+00:00,-495526.76909725997,99303.13890274009,-696.8610972599126,38121fff
2025-08-15 12:13:00+00:00,-495526.76909725997,99303.13890274009,-696.8610972599126,38121fff
2025-08-15 12:14:00+00:00,-495526.76909725997,99303.13890274009,-696.8610972599126,38121fff
2025-08-15 12:15:00+00:00,-495526.76909725997,99303.13890274009,-696.8610972599126,38121fff
2025-08-15 12:16:00+00:00,-495526.76909725997,99303.13890274009,-696.8610972599126,38121fff
2025-08-15 12:17:00+00:00,-495526.76909725997,99303.13890274009,-696.8610972599126,38121fff
2025-08-15 12:18:00+00:00,-495526.76909725997,99303.13890274009,-696.8610972599126,38121fff
2025-08-15 12:19:00+00:00,-495526.76909725997,99286.68090273999,-713.3190972600132,38121fff
2025-08-15 12:20:00+00:00,-495526.76909725997,98582.43090273999,-1417.5690972600132,38121fff
2025-08-15 12:21:00+00:00,-495526.76909725997,98783.08090274001,-1216.91909725999,38121fff
2025-08-15 12:22:00+00:00,-495526.76909725997,98776.58090274001,-1223.41909725999,38121fff
2025-08-15 12:23:00+00:00,-495526.76909725997,98336.43090273999,-1663.5690972600132,38121fff
2025-08-15 12:24:00+00:00,-495526.76909725997,98456.88090274006,-1543.1190972599434,38121fff
2025-08-15 12:25:00+00:00,-495526.76909725997,98502.98090274003,-1497.0190972599667,38121fff
2025-08-15 12:26:00+00:00,-495526.76909725997,98294.58090274001,-1705.41909725999,38121fff
2025-08-15 12:27:00+00:00,-495526.76909725997,98273.23090274003,-1726.7690972599667,38121fff
2025-08-15 12:28:00+00:00,-495526.76909725997,98213.1809027401,-1786.8190972598968,38121fff
2025-08-15 12:29:00+00:00,-495526.76909725997,97843.88090274006,-2156.1190972599434,38121fff
2025-08-15 12:30:00+00:00,-495526.76909725997,99303.13890274009,-696.8610972599126,38121fff
2025-08-15 12:31:00+00:00,-495526.76909725997,99016.68090273999,-983.3190972600132,38121fff
2025-08-15 12:32:00+00:00,-495526.76909725997,99303.13890274009,-696.8610972599126,38121fff
2025-08-15 12:33:00+00:00,-495526.76909725997,99253.1809027401,-746.8190972598968,38121fff
2025-08-15 12:34:00+00:00,-495526.76909725997,98998.78090274008,-1001.2190972599201,38121fff
2025-08-15 12:35:00+00:00,-495526.76909725997,98729.48090274003,-1270.5190972599667,38121fff
2025-08-15 12:36:00+00:00,-495526.76909725997,98608.58090274013,-1391.4190972598735,38121fff
2025-08-15 12:37:00+00:00,-495526.76909725997,98122.33090274013,-1877.6690972598735,38121fff
2025-08-15 12:38:00+00:00,-495526.76909725997,97803.28090273996,-2196.7190972600365,38121fff
2025-08-15 12:39:00+00:00,-495526.76909725997,98096.53090274008,-1903.46909725992,38121fff
2025-08-15 12:40:00+00:00,-495526.76909725997,97920.18090273999,-2079.819097260013,38121fff
2025-08-15 12:41:00+00:00,-495526.76909725997,98211.08090274013,-1788.9190972598735,38121fff
2025-08-15 12:42:00+00:00,-495526.76909725997,97488.68090273999,-2511.319097260013,38121fff
2025-08-15 12:43:00+00:00,-495526.76909725997,97273.1809027401,-2726.819097259897,38121fff
2025-08-15 12:44:00+00:00,-495526.76909725997,97680.38090273994,-2319.61909726006,38121fff
2025-08-15 12:45:00+00:00,-495526.76909725997,98129.78090274008,-1870.21909725992,38121fff
2025-08-15 12:46:00+00:00,-495526.76909725997,98068.13090274006,-1931.8690972599434,38121fff
2025-08-15 12:47:00+00:00,-495526.76909725997,98096.53090274008,-1903.46909725992,38121fff
2025-08-15 12:48:00+00:00,-495526.76909725997,98273.1809027401,-1726.8190972598968,38121fff
2025-08-15 12:49:00+00:00,-495526.76909725997,98032.73090274003,-1967.2690972599667,38121fff
2025-08-15 12:50:00+00:00,-495526.76909725997,97953.28090273996,-2046.7190972600365,38121fff
2025-08-15 12:51:00+00:00,-495526.76909725997,98096.53090274008,-1903.46909725992,38121fff
2025-08-15 12:52:00+00:00,-495526.76909725997,97784.98090274003,-2215.0190972599667,38121fff
2025-08-15 12:53:00+00:00,-495526.76909725997,97339.93090273999,-2660.069097260013,38121fff
2025-08-15 12:54:00+00:00,-495526.76909725997,97754.4309027401,-2245.569097259897,38121fff
2025-08-15 12:55:00+00:00,-495526.76909725997,97934.53090273996,-2065.4690972600365,38121fff
2025-08-15 12:56:00+00:00,-495526.76909725997,98073.23090274003,-1926.7690972599667,38121fff
2025-08-15 12:57:00+00:00,-495526.76909725997,98111.98090274003,-1888.0190972599667,38121fff
2025-08-15 12:58:00+00:00,-495526.76909725997,97942.93090273999,-2057.069097260013,38121fff
2025-08-15 12:59:00+00:00,-495526.76909725997,97716.53090274008,-2283.46909725992,38121fff
2025-08-15 13:00:00+00:00,-495526.76909725997,97838.73090274003,-2161.2690972599667,38121fff
2025-08-15 13:01:00+00:00,-495526.76909725997,98099.08090274001,-1900.91909725999,38121fff
2025-08-15 13:02:00+00:00,-495526.76909725997,97953.23090274003,-2046.7690972599667,38121fff
2025-08-15 13:03:00+00:00,-495526.76909725997,97880.63090274006,-2119.3690972599434,38121fff
2025-08-15 13:04:00+00:00,-495526.76909725997,97880.88090274006,-2119.1190972599434,38121fff
2025-08-15 13:05:00+00:00,-495526.76909725997,97863.23090274003,-2136.7690972599667,38121fff
2025-08-15 13:06:00+00:00,-495526.76909725997,98002.58090274001,-1997.41909725999,38121fff
2025-08-15 13:07:00+00:00,-495526.76909725997,97973.28090273996,-2026.7190972600365,38121fff
2025-08-15 13:08:00+00:00,-495526.76909725997,97556.43090273999,-2443.569097260013,38121fff
2025-08-15 13:09:00+00:00,-495526.76909725997,97327.93090273999,-2672.069097260013,38121fff
2025-08-15 13:10:00+00:00,-495526.76909725997,97075.53090274008,-2924.46909725992,38121fff
2025-08-15 13:11:00+00:00,-495526.76909725997,96857.08090274001,-3142.91909725999,38121fff
2025-08-15 13:12:00+00:00,-495526.76909725997,96432.83090274001,-3567.16909725999,38121fff
2025-08-15 13:13:00+00:00,-495526.76909725997,96505.88090274006,-3494.1190972599434,38121fff
2025-08-15 13:14:00+00:00,-495526.76909725997,96872.63090274006,-3127.3690972599434,38121fff
2025-08-15 13:15:00+00:00,-495526.76909725997,96713.03090274008,-3286.96909725992,38121fff
2025-08-15 13:16:00+00:00,-495526.76909725997,97237.38090274006,-2762.6190972599434,38121fff
2025-08-15 13:17:00+00:00,-495526.76909725997,96833.23090274003,-3166.7690972599667,38121fff
2025-08-15 13:18:00+00:00,-495526.76909725997,96910.78090273996,-3089.2190972600365,38121fff
2025-08-15 13:19:00+00:00,-495526.76909725997,97123.38090274006,-2876.6190972599434,38121fff
2025-08-15 13:20:00+00:00,-495526.76909725997,97473.23090274003,-2526.7690972599667,38121fff
2025-08-15 13:21:00+00:00,-495526.76909725997,97380.6809027401,-2619.319097259897,38121fff
2025-08-15 13:22:00+00:00,-495526.76909725997,97305.33090274001,-2694.66909725999,38121fff
2025-08-15 13:23:00+00:00,-495526.76909725997,97192.03090273996,-2807.9690972600365,38121fff
2025-08-15 13:24:00+00:00,-495526.76909725997,97043.08090274001,-2956.91909725999,38121fff
2025-08-15 13:25:00+00:00,-495526.76909725997,96733.1809027401,-3266.819097259897,38121fff
2025-08-15 13:26:00+00:00,-495526.76909725997,96801.58090274001,-3198.41909725999,38121fff
2025-08-15 13:27:00+00:00,-495526.76909725997,96962.43090273999,-3037.569097260013,38121fff
2025-08-15 13:28:00+00:00,-495526.76909725997,96813.28090273996,-3186.7190972600365,38121fff
2025-08-15 13:29:00+00:00,-495526.76909725997,96794.08090274001,-3205.91909725999,38121fff
2025-08-15 13:30:00+00:00,-495526.76909725997,96104.18090273999,-3895.819097260013,38121fff
2025-08-15 13:31:00+00:00,-495526.76909725997,96141.9309027401,-3858.069097259897,38121fff
2025-08-15 13:32:00+00:00,-495526.76909725997,96702.83090274001,-3297.16909725999,38121fff
2025-08-15 13:33:00+00:00,-495526.76909725997,96579.83090274013,-3420.1690972598735,38121fff
2025-08-15 13:34:00+00:00,-495526.76909725997,95987.13090274006,-4012.8690972599434,38121fff
2025-08-15 13:35:00+00:00,-495526.76909725997,95605.18090273999,-4394.819097260013,38121fff
2025-08-15 13:36:00+00:00,-495526.76909725997,95746.63090273994,-4253.36909726006,38121fff
2025-08-15 13:37:00+00:00,-495526.76909725997,95207.18090273999,-4792.819097260013,38121fff
2025-08-15 13:38:00+00:00,-495526.76909725997,95435.98090274003,-4564.019097259967,38121fff
2025-08-15 13:39:00+00:00,-495526.76909725997,95534.38090274006,-4465.619097259943,38121fff
2025-08-15 13:40:00+00:00,-495526.76909725997,94973.28090273996,-5026.7190972600365,38121fff
2025-08-15 13:41:00+00:00,-495526.76909725997,94880.38090273994,-5119.61909726006,38121fff
2025-08-15 13:42:00+00:00,-495526.76909725997,94350.18090273999,-5649.819097260013,38121fff
2025-08-15 13:43:00+00:00,-495526.76909725997,95495.08090274001,-4504.91909725999,38121fff
2025-08-15 13:44:00+00:00,-495526.76909725997,94603.28090273996,-5396.7190972600365,38121fff
2025-08-15 13:45:00+00:00,-495526.76909725997,93863.1809027401,-6136.819097259897,38121fff
2025-08-15 13:46:00+00:00,-495526.76909725997,94393.63090274006,-5606.369097259943,38121fff
2025-08-15 13:47:00+00:00,-495526.76909725997,94663.1809027401,-5336.819097259897,38121fff
2025-08-15 13:48:00+00:00,-495526.76909725997,94585.28090274008,-5414.71909725992,38121fff
2025-08-15 13:49:00+00:00,-495526.76909725997,93814.88090274006,-6185.119097259943,38121fff
2025-08-15 13:50:00+00:00,-495526.76909725997,94713.23090274003,-5286.769097259967,38121fff
2025-08-15 13:51:00+00:00,-495526.76909725997,93973.28090273996,-6026.7190972600365,38121fff
2025-08-15 13:52:00+00:00,-495526.76909725997,93939.63090274006,-6060.369097259943,38121fff
2025-08-15 13:53:00+00:00,-495526.76909725997,93414.38090274006,-6585.619097259943,38121fff
2025-08-15 13:54:00+00:00,-495526.76909725997,93206.08090274013,-6793.9190972598735,38121fff
2025-08-15 13:55:00+00:00,-495526.76909725997,93696.43090273999,-6303.569097260013,38121fff
2025-08-15 13:56:00+00:00,-495526.76909725997,93448.48090274003,-6551.519097259967,38121fff
2025-08-15 13:57:00+00:00,-495526.76909725997,93403.23090274003,-6596.769097259967,38121fff
2025-08-15 13:58:00+00:00,-495526.76909725997,93325.63090274006,-6674.369097259943,38121fff
2025-08-15 13:59:00+00:00,-495526.76909725997,93325.63090274006,-6674.369097259943,38121fff
2025-08-15 14:00:00+00:00,-495526.76909725997,92773.13090274006,-7226.869097259943,38121fff
2025-08-15 14:01:00+00:00,-495526.76909725997,93353.23090274003,-6646.769097259967,38121fff
2025-08-15 14:02:00+00:00,-495526.76909725997,93205.08090274001,-6794.91909725999,38121fff
2025-08-15 14:03:00+00:00,-495526.76909725997,93911.9309027401,-6088.069097259897,38121fff
2025-08-15 14:04:00+00:00,-495526.76909725997,94755.13090274006,-5244.869097259943,38121fff
2025-08-15 14:05:00+00:00,-495526.76909725997,94778.28090273996,-5221.7190972600365,38121fff
2025-08-15 14:06:00+00:00,-495526.76909725997,94622.53090274008,-5377.46909725992,38121fff
2025-08-15 14:07:00+00:00,-495526.76909725997,94863.28090273996,-5136.7190972600365,38121fff
2025-08-15 14:08:00+00:00,-495526.76909725997,94483.23090274003,-5516.769097259967,38121fff
2025-08-15 14:09:00+00:00,-495526.76909725997,95205.88090274006,-4794.119097259943,38121fff
2025-08-15 14:10:00+00:00,-495526.76909725997,94808.43090273999,-5191.569097260013,38121fff
2025-08-15 14:11:00+00:00,-495526.76909725997,93893.28090273996,-6106.7190972600365,38121fff
2025-08-15 14:12:00+00:00,-495526.76909725997,94251.68090273999,-5748.319097260013,38121fff
2025-08-15 14:13:00+00:00,-495526.76909725997,94353.1809027401,-5646.819097259897,38121fff
2025-08-15 14:14:00+00:00,-495526.76909725997,94599.4309027401,-5400.569097259897,38121fff
2025-08-15 14:15:00+00:00,-495526.76909725997,95503.33090274001,-4496.66909725999,38121fff
2025-08-15 14:16:00+00:00,-495526.76909725997,95813.08090274001,-4186.91909725999,38121fff
2025-08-15 14:17:00+00:00,-495526.76909725997,95384.63090274006,-4615.369097259943,38121fff
2025-08-15 14:18:00+00:00,-495526.76909725997,94946.03090274008,-5053.96909725992,38121fff
2025-08-15 14:19:00+00:00,-495526.76909725997,95393.23090274003,-4606.769097259967,38121fff
2025-08-15 14:20:00+00:00,-495526.76909725997,94579.73090274003,-5420.269097259967,38121fff
2025-08-15 14:21:00+00:00,-495526.76909725997,93913.1809027401,-6086.819097259897,38121fff
2025-08-15 14:22:00+00:00,-495526.76909725997,94046.08090274013,-5953.9190972598735,38121fff
2025-08-15 14:23:00+00:00,-495526.76909725997,94607.48090274003,-5392.519097259967,38121fff
2025-08-15 14:24:00+00:00,-495526.76909725997,93683.23090274003,-6316.769097259967,38121fff
2025-08-15 14:25:00+00:00,-495526.76909725997,93413.98090274003,-6586.019097259967,38121fff
2025-08-15 14:26:00+00:00,-495526.76909725997,93904.18090273999,-6095.819097260013,38121fff
2025-08-15 14:27:00+00:00,-495526.76909725997,94048.78090274008,-5951.21909725992,38121fff
2025-08-15 14:28:00+00:00,-495526.76909725997,94468.48090274003,-5531.519097259967,38121fff
2025-08-15 14:29:00+00:00,-495526.76909725997,93933.23090274003,-6066.769097259967,38121fff
2025-08-15 14:30:00+00:00,-495526.76909725997,93493.23090274003,-6506.769097259967,38121fff
2025-08-15 14:31:00+00:00,-495526.76909725997,93338.73090274003,-6661.269097259967,38121fff
2025-08-15 14:32:00+00:00,-495526.76909725997,93602.98090274003,-6397.019097259967,38121fff
2025-08-15 14:33:00+00:00,-495526.76909725997,93845.63090274006,-6154.369097259943,38121fff
2025-08-15 14:34:00+00:00,-495526.76909725997,93696.38090274006,-6303.619097259943,38121fff
2025-08-15 14:35:00+00:00,-495526.76909725997,94048.73090274003,-5951.269097259967,38121fff
2025-08-15 14:36:00+00:00,-495526.76909725997,94165.38090273994,-5834.61909726006,38121fff
2025-08-15 14:37:00+00:00,-495526.76909725997,94370.18090273999,-5629.819097260013,38121fff
2025-08-15 14:38:00+00:00,-495526.76909725997,94497.68090273999,-5502.319097260013,38121fff
2025-08-15 14:39:00+00:00,-495526.76909725997,94252.73090274003,-5747.269097259967,38121fff
2025-08-15 14:40:00+00:00,-495526.76909725997,94006.73090274003,-5993.269097259967,38121fff
2025-08-15 14:41:00+00:00,-495526.76909725997,93527.53090274008,-6472.46909725992,38121fff
2025-08-15 14:42:00+00:00,-495526.76909725997,93552.63090274006,-6447.369097259943,38121fff
2025-08-15 14:43:00+00:00,-495526.76909725997,93250.28090274008,-6749.71909725992,38121fff
2025-08-15 14:44:00+00:00,-495526.76909725997,93212.73090274003,-6787.269097259967,38121fff
2025-08-15 14:45:00+00:00,-495526.76909725997,93016.73090274003,-6983.269097259967,38121fff
2025-08-15 14:46:00+00:00,-495526.76909725997,92477.58090274001,-7522.41909725999,38121fff
2025-08-15 14:47:00+00:00,-495526.76909725997,91408.68090273999,-8591.319097260013,38121fff
2025-08-15 14:48:00+00:00,-495526.76909725997,91675.03090274008,-8324.96909725992,38121fff
2025-08-15 14:49:00+00:00,-495526.76909725997,92085.83090274001,-7914.16909725999,38121fff
2025-08-15 14:50:00+00:00,-495526.76909725997,91939.73090274003,-8060.269097259967,38121fff
2025-08-15 14:51:00+00:00,-495526.76909725997,91653.1809027401,-8346.819097259897,38121fff
2025-08-15 14:52:00+00:00,-495526.76909725997,91339.18090273999,-8660.819097260013,38121fff
2025-08-15 14:53:00+00:00,-495526.76909725997,91649.38090274006,-8350.619097259943,38121fff
2025-08-15 14:54:00+00:00,-495526.76909725997,91213.1809027401,-8786.819097259897,38121fff
2025-08-15 14:55:00+00:00,-495526.76909725997,91037.23090274003,-8962.769097259967,38121fff
2025-08-15 14:56:00+00:00,-495526.76909725997,91026.68090273999,-8973.319097260013,38121fff
2025-08-15 14:57:00+00:00,-495526.76909725997,91505.08090274001,-8494.91909725999,38121fff
2025-08-15 14:58:00+00:00,-495526.76909725997,91535.48090274003,-8464.519097259967,38121fff
2025-08-15 14:59:00+00:00,-495526.76909725997,91473.23090274003,-8526.769097259967,38121fff
2025-08-15 15:00:00+00:00,-495526.76909725997,91059.93090273999,-8940.069097260013,38121fff
2025-08-15 15:01:00+00:00,-495526.76909725997,90837.68090273999,-9162.319097260013,38121fff
2025-08-15 15:02:00+00:00,-495526.76909725997,90748.28090273996,-9251.719097260037,38121fff
2025-08-15 15:03:00+00:00,-495526.76909725997,91045.73090274003,-8954.269097259967,38121fff
2025-08-15 15:04:00+00:00,-495526.76909725997,90752.28090274008,-9247.71909725992,38121fff
2025-08-15 15:05:00+00:00,-495526.76909725997,90847.78090274008,-9152.21909725992,38121fff
2025-08-15 15:06:00+00:00,-495526.76909725997,90833.23090274003,-9166.769097259967,38121fff
2025-08-15 15:07:00+00:00,-495526.76909725997,90433.23090274003,-9566.769097259967,38121fff
2025-08-15 15:08:00+00:00,-495526.76909725997,89889.78090274008,-10110.21909725992,38121fff
2025-08-15 15:09:00+00:00,-495526.76909725997,89783.73090274003,-10216.269097259967,38121fff
2025-08-15 15:10:00+00:00,-495526.76909725997,90363.93090273999,-9636.069097260013,38121fff
2025-08-15 15:11:00+00:00,-495526.76909725997,91883.28090273996,-8116.7190972600365,38121fff
2025-08-15 15:12:00+00:00,-495526.76909725997,91373.23090274003,-8626.769097259967,38121fff
2025-08-15 15:13:00+00:00,-495526.76909725997,91525.58090274001,-8474.41909725999,38121fff
2025-08-15 15:14:00+00:00,-495526.76909725997,91233.1809027401,-8766.819097259897,38121fff
2025-08-15 15:15:00+00:00,-495526.76909725997,91873.28090273996,-8126.7190972600365,38121fff
2025-08-15 15:16:00+00:00,-495526.76909725997,91604.78090274008,-8395.21909725992,38121fff
2025-08-15 15:17:00+00:00,-495526.76909725997,91647.38090274006,-8352.619097259943,38121fff
2025-08-15 15:18:00+00:00,-495526.76909725997,92363.28090273996,-7636.7190972600365,38121fff
2025-08-15 15:19:00+00:00,-495526.76909725997,92125.13090274006,-7874.869097259943,38121fff
2025-08-15 15:20:00+00:00,-495526.76909725997,91487.88090273994,-8512.11909726006,38121fff
2025-08-15 15:21:00+00:00,-495526.76909725997,90913.28090273996,-9086.719097260037,38121fff
2025-08-15 15:22:00+00:00,-495526.76909725997,90393.28090273996,-9606.719097260037,38121fff
2025-08-15 15:23:00+00:00,-495526.76909725997,91058.38090274006,-8941.619097259943,38121fff
2025-08-15 15:24:00+00:00,-495526.76909725997,90973.28090273996,-9026.719097260037,38121fff
2025-08-15 15:25:00+00:00,-495526.76909725997,91027.78090274008,-8972.21909725992,38121fff
2025-08-15 15:26:00+00:00,-495526.76909725997,90712.03090273996,-9287.969097260037,38121fff
2025-08-15 15:27:00+00:00,-495526.76909725997,90109.03090274008,-9890.96909725992,38121fff
2025-08-15 15:28:00+00:00,-495526.76909725997,89487.18090273999,-10512.819097260013,38121fff
2025-08-15 15:29:00+00:00,-495526.76909725997,89806.53090274008,-10193.46909725992,38121fff
2025-08-15 15:30:00+00:00,-495526.76909725997,90069.83090274013,-9930.169097259874,38121fff
2025-08-15 15:31:00+00:00,-495526.76909725997,91200.48090274003,-8799.519097259967,38121fff
2025-08-15 15:32:00+00:00,-495526.76909725997,91086.03090274008,-8913.96909725992,38121fff
2025-08-15 15:33:00+00:00,-495526.76909725997,91316.9309027401,-8683.069097259897,38121fff
2025-08-15 15:34:00+00:00,-495526.76909725997,90824.18090273999,-9175.819097260013,38121fff
2025-08-15 15:35:00+00:00,-495526.76909725997,90767.18090273999,-9232.819097260013,38121fff
2025-08-15 15:36:00+00:00,-495526.76909725997,91198.63090274006,-8801.369097259943,38121fff
2025-08-15 15:37:00+00:00,-495526.76909725997,91102.48090274003,-8897.519097259967,38121fff
2025-08-15 15:38:00+00:00,-495526.76909725997,90623.88090274006,-9376.119097259943,38121fff
2025-08-15 15:39:00+00:00,-495526.76909725997,90110.83090274001,-9889.16909725999,38121fff
2025-08-15 15:40:00+00:00,-495526.76909725997,90023.13090274006,-9976.869097259943,38121fff
2025-08-15 15:41:00+00:00,-495526.76909725997,90668.98090274003,-9331.019097259967,38121fff
2025-08-15 15:42:00+00:00,-495526.76909725997,89523.23090274003,-10476.769097259967,38121fff
2025-08-15 15:43:00+00:00,-495526.76909725997,89515.08090274001,-10484.91909725999,38121fff
2025-08-15 15:44:00+00:00,-495526.76909725997,88723.28090273996,-11276.719097260037,38121fff
2025-08-15 15:45:00+00:00,-495526.76909725997,88916.73090274003,-11083.269097259967,38121fff
2025-08-15 15:46:00+00:00,-495526.76909725997,89053.73090274003,-10946.269097259967,38121fff
2025-08-15 15:47:00+00:00,-495526.76909725997,89193.28090273996,-10806.719097260037,38121fff
2025-08-15 15:48:00+00:00,-495526.76909725997,89193.38090274006,-10806.619097259943,38121fff
2025-08-15 15:49:00+00:00,-495526.76909725997,89307.48090274003,-10692.519097259967,38121fff
2025-08-15 15:50:00+00:00,-495526.76909725997,89422.38090274006,-10577.619097259943,38121fff
2025-08-15 15:51:00+00:00,-495526.76909725997,90581.78090274008,-9418.21909725992,38121fff
2025-08-15 15:52:00+00:00,-495526.76909725997,90309.88090274006,-9690.119097259943,38121fff
2025-08-15 15:53:00+00:00,-495526.76909725997,90933.73090274003,-9066.269097259967,38121fff
2025-08-15 15:54:00+00:00,-495526.76909725997,91139.18090273999,-8860.819097260013,38121fff
2025-08-15 15:55:00+00:00,-495526.76909725997,91016.83090274001,-8983.16909725999,38121fff
2025-08-15 15:56:00+00:00,-495526.76909725997,90916.9309027401,-9083.069097259897,38121fff
2025-08-15 15:57:00+00:00,-495526.76909725997,90682.98090274003,-9317.019097259967,38121fff
2025-08-15 15:58:00+00:00,-495526.76909725997,90984.98090274003,-9015.019097259967,38121fff
2025-08-15 15:59:00+00:00,-495526.76909725997,90849.33090274001,-9150.66909725999,38121fff
2025-08-15 16:00:00+00:00,-495526.76909725997,90783.63090274006,-9216.369097259943,38121fff
2025-08-15 16:01:00+00:00,-495526.76909725997,90073.28090273996,-9926.719097260037,38121fff
2025-08-15 16:02:00+00:00,-495526.76909725997,90078.23090274003,-9921.769097259967,38121fff
2025-08-15 16:03:00+00:00,-495526.76909725997,90211.9309027401,-9788.069097259897,38121fff
2025-08-15 16:04:00+00:00,-495526.76909725997,90023.28090273996,-9976.719097260037,38121fff
2025-08-15 16:05:00+00:00,-495526.76909725997,89873.28090273996,-10126.719097260037,38121fff
2025-08-15 16:06:00+00:00,-495526.76909725997,89339.4309027401,-10660.569097259897,38121fff
2025-08-15 16:07:00+00:00,-495526.76909725997,88799.23090274003,-11200.769097259967,38121fff
2025-08-15 16:08:00+00:00,-495526.76909725997,88948.23090274003,-11051.769097259967,38121fff
2025-08-15 16:09:00+00:00,-495526.76909725997,89496.78090274008,-10503.21909725992,38121fff
2025-08-15 16:10:00+00:00,-495526.76909725997,89423.78090274008,-10576.21909725992,38121fff
2025-08-15 16:11:00+00:00,-495526.76909725997,89097.18090273999,-10902.819097260013,38121fff
2025-08-15 16:12:00+00:00,-495526.76909725997,89241.9309027401,-10758.069097259897,38121fff
2025-08-15 16:13:00+00:00,-495526.76909725997,89214.18090273999,-10785.819097260013,38121fff
2025-08-15 16:14:00+00:00,-495526.76909725997,89701.53090274008,-10298.46909725992,38121fff
2025-08-15 16:15:00+00:00,-495526.76909725997,88493.23090274003,-11506.769097259967,38121fff
2025-08-15 16:16:00+00:00,-495526.76909725997,88973.23090274003,-11026.769097259967,38121fff
2025-08-15 16:17:00+00:00,-495526.76909725997,88872.98090274003,-11127.019097259967,38121fff
2025-08-15 16:18:00+00:00,-495526.76909725997,89758.98090274003,-10241.019097259967,38121fff
2025-08-15 16:19:00+00:00,-495526.76909725997,89725.28090274008,-10274.71909725992,38121fff
2025-08-15 16:20:00+00:00,-495526.76909725997,89545.23090274003,-10454.769097259967,38121fff
2025-08-15 16:21:00+00:00,-495526.76909725997,89125.73090274003,-10874.269097259967,38121fff
2025-08-15 16:22:00+00:00,-495526.76909725997,88973.23090274003,-11026.769097259967,38121fff
2025-08-15 16:23:00+00:00,-495526.76909725997,89596.23090274003,-10403.769097259967,38121fff
2025-08-15 16:24:00+00:00,-495526.76909725997,89913.58090274013,-10086.419097259874,38121fff
2025-08-15 16:25:00+00:00,-495526.76909725997,89477.23090274003,-10522.769097259967,38121fff
2025-08-15 16:26:00+00:00,-495526.76909725997,90005.28090274008,-9994.71909725992,38121fff
2025-08-15 16:27:00+00:00,-495526.76909725997,89918.48090274003,-10081.519097259967,38121fff
2025-08-15 16:28:00+00:00,-495526.76909725997,90123.58090274013,-9876.419097259874,38121fff
2025-08-15 16:29:00+00:00,-495526.76909725997,89670.73090274003,-10329.269097259967,38121fff
2025-08-15 16:30:00+00:00,-495526.76909725997,90473.23090274003,-9526.769097259967,38121fff
2025-08-15 16:31:00+00:00,-495526.76909725997,90373.28090273996,-9626.719097260037,38121fff
2025-08-15 16:32:00+00:00,-495526.76909725997,90353.23090274003,-9646.769097259967,38121fff
2025-08-15 16:33:00+00:00,-495526.76909725997,90573.13090274006,-9426.869097259943,38121fff
2025-08-15 16:34:00+00:00,-495526.76909725997,90477.53090274008,-9522.46909725992,38121fff
2025-08-15 16:35:00+00:00,-495526.76909725997,90233.78090274008,-9766.21909725992,38121fff
2025-08-15 16:36:00+00:00,-495526.76909725997,90263.43090273999,-9736.569097260013,38121fff
2025-08-15 16:37:00+00:00,-495526.76909725997,90109.23090274003,-9890.769097259967,38121fff
2025-08-15 16:38:00+00:00,-495526.76909725997,90554.4309027401,-9445.569097259897,38121fff
2025-08-15 16:39:00+00:00,-495526.76909725997,90373.23090274003,-9626.769097259967,38121fff
2025-08-15 16:40:00+00:00,-495526.76909725997,90683.53090274008,-9316.46909725992,38121fff
2025-08-15 16:41:00+00:00,-495526.76909725997,90710.28090274008,-9289.71909725992,38121fff
2025-08-15 16:42:00+00:00,-495526.76909725997,90722.18090273999,-9277.819097260013,38121fff
2025-08-15 16:43:00+00:00,-495526.76909725997,90166.53090274008,-9833.46909725992,38121fff
2025-08-15 16:44:00+00:00,-495526.76909725997,90418.38090274006,-9581.619097259943,38121fff
2025-08-15 16:45:00+00:00,-495526.76909725997,90673.23090274003,-9326.769097259967,38121fff
2025-08-15 16:46:00+00:00,-495526.76909725997,90256.9309027401,-9743.069097259897,38121fff
2025-08-15 16:47:00+00:00,-495526.76909725997,90344.33090274001,-9655.66909725999,38121fff
2025-08-15 16:48:00+00:00,-495526.76909725997,90906.43090273999,-9093.569097260013,38121fff
2025-08-15 16:49:00+00:00,-495526.76909725997,91016.78090274008,-8983.21909725992,38121fff
2025-08-15 16:50:00+00:00,-495526.76909725997,90954.53090273996,-9045.469097260037,38121fff
2025-08-15 16:51:00+00:00,-495526.76909725997,90863.33090274001,-9136.66909725999,38121fff
2025-08-15 16:52:00+00:00,-495526.76909725997,90876.13090274006,-9123.869097259943,38121fff
2025-08-15 16:53:00+00:00,-495526.76909725997,91548.48090274003,-8451.519097259967,38121fff
2025-08-15 16:54:00+00:00,-495526.76909725997,91276.63090273994,-8723.36909726006,38121fff
2025-08-15 16:55:00+00:00,-495526.76909725997,90935.08090274001,-9064.91909725999,38121fff
2025-08-15 16:56:00+00:00,-495526.76909725997,91083.98090274003,-8916.019097259967,38121fff
2025-08-15 16:57:00+00:00,-495526.76909725997,91210.53090274008,-8789.46909725992,38121fff
2025-08-15 16:58:00+00:00,-495526.76909725997,91448.1809027401,-8551.819097259897,38121fff
2025-08-15 16:59:00+00:00,-495526.76909725997,91240.03090274008,-8759.96909725992,38121fff
2025-08-15 17:00:00+00:00,-495526.76909725997,90850.63090274006,-9149.369097259943,38121fff
2025-08-15 17:01:00+00:00,-495526.76909725997,91210.48090274003,-8789.519097259967,38121fff
2025-08-15 17:02:00+00:00,-495526.76909725997,91090.58090274001,-8909.41909725999,38121fff
2025-08-15 17:03:00+00:00,-495526.76909725997,90618.28090273996,-9381.719097260037,38121fff
2025-08-15 17:04:00+00:00,-495526.76909725997,90390.03090274008,-9609.96909725992,38121fff
2025-08-15 17:05:00+00:00,-495526.76909725997,90556.63090273994,-9443.36909726006,38121fff
2025-08-15 17:06:00+00:00,-495526.76909725997,90914.13090273994,-9085.86909726006,38121fff
2025-08-15 17:07:00+00:00,-495526.76909725997,91033.23090274003,-8966.769097259967,38121fff
2025-08-15 17:08:00+00:00,-495526.76909725997,90928.63090274006,-9071.369097259943,38121fff
2025-08-15 17:09:00+00:00,-495526.76909725997,90772.28090274008,-9227.71909725992,38121fff
2025-08-15 17:10:00+00:00,-495526.76909725997,90409.73090274003,-9590.269097259967,38121fff
2025-08-15 17:11:00+00:00,-495526.76909725997,90033.23090274003,-9966.769097259967,38121fff
2025-08-15 17:12:00+00:00,-495526.76909725997,90490.6809027401,-9509.319097259897,38121fff
2025-08-15 17:13:00+00:00,-495526.76909725997,90437.63090274006,-9562.369097259943,38121fff
2025-08-15 17:14:00+00:00,-495526.76909725997,90284.58090274001,-9715.41909725999,38121fff
2025-08-15 17:15:00+00:00,-495526.76909725997,90613.33090274001,-9386.66909725999,38121fff
2025-08-15 17:16:00+00:00,-495526.76909725997,90294.48090274003,-9705.519097259967,38121fff
2025-08-15 17:17:00+00:00,-495526.76909725997,90391.68090273999,-9608.319097260013,38121fff
2025-08-15 17:18:00+00:00,-495526.76909725997,90323.23090274003,-9676.769097259967,38121fff
2025-08-15 17:19:00+00:00,-495526.76909725997,90027.88090273994,-9972.11909726006,38121fff
2025-08-15 17:20:00+00:00,-495526.76909725997,89640.28090274008,-10359.71909725992,38121fff
2025-08-15 17:21:00+00:00,-495526.76909725997,89886.73090274003,-10113.269097259967,38121fff
2025-08-15 17:22:00+00:00,-495526.76909725997,90423.23090274003,-9576.769097259967,38121fff
2025-08-15 17:23:00+00:00,-495526.76909725997,90330.88090274006,-9669.119097259943,38121fff
2025-08-15 17:24:00+00:00,-495526.76909725997,90326.28090274008,-9673.71909725992,38121fff
2025-08-15 17:25:00+00:00,-495526.76909725997,91170.58090274001,-8829.41909725999,38121fff
2025-08-15 17:26:00+00:00,-495526.76909725997,92348.28090273996,-7651.7190972600365,38121fff
2025-08-15 17:27:00+00:00,-495526.76909725997,92383.43090273999,-7616.569097260013,38121fff
2025-08-15 17:28:00+00:00,-495526.76909725997,92462.18090273999,-7537.819097260013,38121fff
2025-08-15 17:29:00+00:00,-495526.76909725997,92210.43090273999,-7789.569097260013,38121fff
2025-08-15 17:30:00+00:00,-495526.76909725997,92439.78090274008,-7560.21909725992,38121fff
2025-08-15 17:31:00+00:00,-495526.76909725997,92323.28090273996,-7676.7190972600365,38121fff
2025-08-15 17:32:00+00:00,-495526.76909725997,92339.58090274001,-7660.41909725999,38121fff
2025-08-15 17:33:00+00:00,-495526.76909725997,92023.1809027401,-7976.819097259897,38121fff
2025-08-15 17:34:00+00:00,-495526.76909725997,92045.08090274001,-7954.91909725999,38121fff
2025-08-15 17:35:00+00:00,-495526.76909725997,91993.1809027401,-8006.819097259897,38121fff
2025-08-15 17:36:00+00:00,-495526.76909725997,92296.73090274003,-7703.269097259967,38121fff
2025-08-15 17:37:00+00:00,-495526.76909725997,92401.23090274003,-7598.769097259967,38121fff
2025-08-15 17:38:00+00:00,-495526.76909725997,92483.28090273996,-7516.7190972600365,38121fff
2025-08-15 17:39:00+00:00,-495526.76909725997,92556.73090274003,-7443.269097259967,38121fff
2025-08-15 17:40:00+00:00,-495526.76909725997,93223.13090274006,-6776.869097259943,38121fff
2025-08-15 17:41:00+00:00,-495526.76909725997,93573.1809027401,-6426.819097259897,38121fff
2025-08-15 17:42:00+00:00,-495526.76909725997,93195.98090274003,-6804.019097259967,38121fff
2025-08-15 17:43:00+00:00,-495526.76909725997,93321.53090274008,-6678.46909725992,38121fff
2025-08-15 17:44:00+00:00,-495526.76909725997,93173.38090274006,-6826.619097259943,38121fff
2025-08-15 17:45:00+00:00,-495526.76909725997,93039.68090273999,-6960.319097260013,38121fff
2025-08-15 17:46:00+00:00,-495526.76909725997,92770.33090274001,-7229.66909725999,38121fff
2025-08-15 17:47:00+00:00,-495526.76909725997,92594.73090274003,-7405.269097259967,38121fff
2025-08-15 17:48:00+00:00,-495526.76909725997,92573.23090274003,-7426.769097259967,38121fff
2025-08-15 17:49:00+00:00,-495526.76909725997,92613.1809027401,-7386.819097259897,38121fff
2025-08-15 17:50:00+00:00,-495526.76909725997,92593.23090274003,-7406.769097259967,38121fff
2025-08-15 17:51:00+00:00,-495526.76909725997,92373.23090274003,-7626.769097259967,38121fff
2025-08-15 17:52:00+00:00,-495526.76909725997,92373.28090273996,-7626.7190972600365,38121fff
2025-08-15 17:53:00+00:00,-495526.76909725997,92373.28090273996,-7626.7190972600365,38121fff
2025-08-15 17:54:00+00:00,-495526.76909725997,92210.43090273999,-7789.569097260013,38121fff
2025-08-15 17:55:00+00:00,-495526.76909725997,92458.08090274001,-7541.91909725999,38121fff
2025-08-15 17:56:00+00:00,-495526.76909725997,92302.18090273999,-7697.819097260013,38121fff
2025-08-15 17:57:00+00:00,-495526.76909725997,92446.9309027401,-7553.069097259897,38121fff
2025-08-15 17:58:00+00:00,-495526.76909725997,92475.23090274003,-7524.769097259967,38121fff
2025-08-15 17:59:00+00:00,-495526.76909725997,92407.83090274001,-7592.16909725999,38121fff
2025-08-15 18:00:00+00:00,-495526.76909725997,92353.28090273996,-7646.7190972600365,38121fff
2025-08-15 18:01:00+00:00,-495526.76909725997,92606.63090273994,-7393.36909726006,38121fff
2025-08-15 18:02:00+00:00,-495526.76909725997,92650.33090274001,-7349.66909725999,38121fff
2025-08-15 18:03:00+00:00,-495526.76909725997,91821.18090273999,-8178.819097260013,38121fff
2025-08-15 18:04:00+00:00,-495526.76909725997,91650.43090273999,-8349.569097260013,38121fff
2025-08-15 18:05:00+00:00,-495526.76909725997,91374.78090274008,-8625.21909725992,38121fff
2025-08-15 18:06:00+00:00,-495526.76909725997,91267.93090273999,-8732.069097260013,38121fff
2025-08-15 18:07:00+00:00,-495526.76909725997,91570.43090273999,-8429.569097260013,38121fff
2025-08-15 18:08:00+00:00,-495526.76909725997,91490.08090274001,-8509.91909725999,38121fff
2025-08-15 18:09:00+00:00,-495526.76909725997,91173.28090273996,-8826.719097260037,38121fff
2025-08-15 18:10:00+00:00,-495526.76909725997,91026.88090274006,-8973.119097259943,38121fff
2025-08-15 18:11:00+00:00,-495526.76909725997,91118.1809027401,-8881.819097259897,38121fff
2025-08-15 18:12:00+00:00,-495526.76909725997,91338.28090273996,-8661.719097260037,38121fff
2025-08-15 18:13:00+00:00,-495526.76909725997,91650.43090273999,-8349.569097260013,38121fff
2025-08-15 18:14:00+00:00,-495526.76909725997,91373.28090273996,-8626.719097260037,38121fff
2025-08-15 18:15:00+00:00,-495526.76909725997,91090.53090274008,-8909.46909725992,38121fff
2025-08-15 18:16:00+00:00,-495526.76909725997,91291.08090274013,-8708.919097259874,38121fff
2025-08-15 18:17:00+00:00,-495526.76909725997,91177.13090274006,-8822.869097259943,38121fff
2025-08-15 18:18:00+00:00,-495526.76909725997,91215.6809027401,-8784.319097259897,38121fff
2025-08-15 18:19:00+00:00,-495526.76909725997,90975.13090274006,-9024.869097259943,38121fff
2025-08-15 18:20:00+00:00,-495526.76909725997,91173.23090274003,-8826.769097259967,38121fff
2025-08-15 18:21:00+00:00,-495526.76909725997,91143.33090274001,-8856.66909725999,38121fff
2025-08-15 18:22:00+00:00,-495526.76909725997,91143.33090274001,-8856.66909725999,38121fff
2025-08-15 18:23:00+00:00,-495526.76909725997,91239.68090273999,-8760.319097260013,38121fff
2025-08-15 18:24:00+00:00,-495526.76909725997,91111.98090274003,-8888.019097259967,38121fff
2025-08-15 18:25:00+00:00,-495526.76909725997,91023.23090274003,-8976.769097259967,38121fff
2025-08-15 18:26:00+00:00,-495526.76909725997,90850.58090274001,-9149.41909725999,38121fff
2025-08-15 18:27:00+00:00,-495526.76909725997,91057.33090274013,-8942.669097259874,38121fff
2025-08-15 18:28:00+00:00,-495526.76909725997,91090.53090274008,-8909.46909725992,38121fff
2025-08-15 18:29:00+00:00,-495526.76909725997,91090.53090274008,-8909.46909725992,38121fff
2025-08-15 18:30:00+00:00,-495526.76909725997,91385.78090273996,-8614.219097260037,38121fff
2025-08-15 18:31:00+00:00,-495526.76909725997,91286.63090273994,-8713.36909726006,38121fff
2025-08-15 18:32:00+00:00,-495526.76909725997,91493.23090274003,-8506.769097259967,38121fff
2025-08-15 18:33:00+00:00,-495526.76909725997,91757.13090274006,-8242.869097259943,38121fff
2025-08-15 18:34:00+00:00,-495526.76909725997,91434.38090274006,-8565.619097259943,38121fff
2025-08-15 18:35:00+00:00,-495526.76909725997,91090.58090274001,-8909.41909725999,38121fff
2025-08-15 18:36:00+00:00,-495526.76909725997,90895.6809027401,-9104.319097259897,38121fff
2025-08-15 18:37:00+00:00,-495526.76909725997,91223.1809027401,-8776.819097259897,38121fff
2025-08-15 18:38:00+00:00,-495526.76909725997,91255.48090274003,-8744.519097259967,38121fff
2025-08-15 18:39:00+00:00,-495526.76909725997,91073.28090273996,-8926.719097260037,38121fff
2025-08-15 18:40:00+00:00,-495526.76909725997,90973.23090274003,-9026.769097259967,38121fff
2025-08-15 18:41:00+00:00,-495526.76909725997,90850.63090274006,-9149.369097259943,38121fff
2025-08-15 18:42:00+00:00,-495526.76909725997,90850.58090274001,-9149.41909725999,38121fff
2025-08-15 18:43:00+00:00,-495526.76909725997,90773.28090273996,-9226.719097260037,38121fff
2025-08-15 18:44:00+00:00,-495526.76909725997,90787.18090273999,-9212.819097260013,38121fff
2025-08-15 18:45:00+00:00,-495526.76909725997,90279.33090274001,-9720.66909725999,38121fff
2025-08-15 18:46:00+00:00,-495526.76909725997,90921.28090274008,-9078.71909725992,38121fff
2025-08-15 18:47:00+00:00,-495526.76909725997,90617.53090274008,-9382.46909725992,38121fff
2025-08-15 18:48:00+00:00,-495526.76909725997,90676.23090274003,-9323.769097259967,38121fff
2025-08-15 18:49:00+00:00,-495526.76909725997,90673.23090274003,-9326.769097259967,38121fff
2025-08-15 18:50:00+00:00,-495526.76909725997,91291.33090274001,-8708.66909725999,38121fff
2025-08-15 18:51:00+00:00,-495526.76909725997,91073.28090273996,-8926.719097260037,38121fff
2025-08-15 18:52:00+00:00,-495526.76909725997,91210.48090274003,-8789.519097259967,38121fff
2025-08-15 18:53:00+00:00,-495526.76909725997,91106.58090274001,-8893.41909725999,38121fff
2025-08-15 18:54:00+00:00,-495526.76909725997,91090.58090274001,-8909.41909725999,38121fff
2025-08-15 18:55:00+00:00,-495526.76909725997,90906.83090274001,-9093.16909725999,38121fff
2025-08-15 18:56:00+00:00,-495526.76909725997,90859.53090273996,-9140.469097260037,38121fff
2025-08-15 18:57:00+00:00,-495526.76909725997,89873.38090274006,-10126.619097259943,38121fff
2025-08-15 18:58:00+00:00,-495526.76909725997,90130.73090274003,-9869.269097259967,38121fff
2025-08-15 18:59:00+00:00,-495526.76909725997,90271.53090274008,-9728.46909725992,38121fff
2025-08-15 19:00:00+00:00,-495526.76909725997,89833.28090273996,-10166.719097260037,38121fff
2025-08-15 19:01:00+00:00,-495526.76909725997,89773.13090274006,-10226.869097259943,38121fff
2025-08-15 19:02:00+00:00,-495526.76909725997,89953.23090274003,-10046.769097259967,38121fff
2025-08-15 19:03:00+00:00,-495526.76909725997,89573.23090274003,-10426.769097259967,38121fff
2025-08-15 19:04:00+00:00,-495526.76909725997,89673.33090274001,-10326.66909725999,38121fff
2025-08-15 19:05:00+00:00,-495526.76909725997,89833.33090274001,-10166.66909725999,38121fff
2025-08-15 19:06:00+00:00,-495526.76909725997,90027.03090273996,-9972.969097260037,38121fff
2025-08-15 19:07:00+00:00,-495526.76909725997,90130.6809027401,-9869.319097259897,38121fff
2025-08-15 19:08:00+00:00,-495526.76909725997,90092.83090274001,-9907.16909725999,38121fff
2025-08-15 19:09:00+00:00,-495526.76909725997,90264.58090274001,-9735.41909725999,38121fff
2025-08-15 19:10:00+00:00,-495526.76909725997,90315.78090273996,-9684.219097260037,38121fff
2025-08-15 19:11:00+00:00,-495526.76909725997,90301.08090274013,-9698.919097259874,38121fff
2025-08-15 19:12:00+00:00,-495526.76909725997,90608.13090274006,-9391.869097259943,38121fff
2025-08-15 19:13:00+00:00,-495526.76909725997,90747.08090274001,-9252.91909725999,38121fff
2025-08-15 19:14:00+00:00,-495526.76909725997,90904.4309027401,-9095.569097259897,38121fff
2025-08-15 19:15:00+00:00,-495526.76909725997,91407.68090273999,-8592.319097260013,38121fff
2025-08-15 19:16:00+00:00,-495526.76909725997,91350.38090273994,-8649.61909726006,38121fff
2025-08-15 19:17:00+00:00,-495526.76909725997,91090.58090274001,-8909.41909725999,38121fff
2025-08-15 19:18:00+00:00,-495526.76909725997,90905.58090274001,-9094.41909725999,38121fff
2025-08-15 19:19:00+00:00,-495526.76909725997,90705.03090274008,-9294.96909725992,38121fff
2025-08-15 19:20:00+00:00,-495526.76909725997,90760.23090274003,-9239.769097259967,38121fff
2025-08-15 19:21:00+00:00,-495526.76909725997,90665.28090274008,-9334.71909725992,38121fff
2025-08-15 19:22:00+00:00,-495526.76909725997,90530.63090274006,-9469.369097259943,38121fff
2025-08-15 19:23:00+00:00,-495526.76909725997,90530.58090274001,-9469.41909725999,38121fff
2025-08-15 19:24:00+00:00,-495526.76909725997,90213.78090274008,-9786.21909725992,38121fff
2025-08-15 19:25:00+00:00,-495526.76909725997,90130.73090274003,-9869.269097259967,38121fff
2025-08-15 19:26:00+00:00,-495526.76909725997,90365.28090274008,-9634.71909725992,38121fff
2025-08-15 19:27:00+00:00,-495526.76909725997,90402.43090273999,-9597.569097260013,38121fff
2025-08-15 19:28:00+00:00,-495526.76909725997,90130.6809027401,-9869.319097259897,38121fff
2025-08-15 19:29:00+00:00,-495526.76909725997,90113.28090273996,-9886.719097260037,38121fff
2025-08-15 19:30:00+00:00,-495526.76909725997,89801.23090274003,-10198.769097259967,38121fff
2025-08-15 19:31:00+00:00,-495526.76909725997,90035.23090274003,-9964.769097259967,38121fff
2025-08-15 19:32:00+00:00,-495526.76909725997,90275.28090274008,-9724.71909725992,38121fff
2025-08-15 19:33:00+00:00,-495526.76909725997,90187.33090274013,-9812.669097259874,38121fff
2025-08-15 19:34:00+00:00,-495526.76909725997,90413.1809027401,-9586.819097259897,38121fff
2025-08-15 19:35:00+00:00,-495526.76909725997,90273.98090274003,-9726.019097259967,38121fff
2025-08-15 19:36:00+00:00,-495526.76909725997,90140.58090274001,-9859.41909725999,38121fff
2025-08-15 19:37:00+00:00,-495526.76909725997,90039.03090274008,-9960.96909725992,38121fff
2025-08-15 19:38:00+00:00,-495526.76909725997,90113.1809027401,-9886.819097259897,38121fff
2025-08-15 19:39:00+00:00,-495526.76909725997,89723.23090274003,-10276.769097259967,38121fff
2025-08-15 19:40:00+00:00,-495526.76909725997,89706.38090274006,-10293.619097259943,38121fff
2025-08-15 19:41:00+00:00,-495526.76909725997,89921.33090274001,-10078.66909725999,38121fff
2025-08-15 19:42:00+00:00,-495526.76909725997,89418.03090274008,-10581.96909725992,38121fff
2025-08-15 19:43:00+00:00,-495526.76909725997,89482.73090274003,-10517.269097259967,38121fff
2025-08-15 19:44:00+00:00,-495526.76909725997,89399.73090274003,-10600.269097259967,38121fff
2025-08-15 19:45:00+00:00,-495526.76909725997,89766.18090273999,-10233.819097260013,38121fff
2025-08-15 19:46:00+00:00,-495526.76909725997,89263.33090274001,-10736.66909725999,38121fff
2025-08-15 19:47:00+00:00,-495526.76909725997,89333.23090274003,-10666.769097259967,38121fff
2025-08-15 19:48:00+00:00,-495526.76909725997,89391.83090274001,-10608.16909725999,38121fff
2025-08-15 19:49:00+00:00,-495526.76909725997,89148.23090274003,-10851.769097259967,38121fff
2025-08-15 19:50:00+00:00,-495526.76909725997,88913.28090273996,-11086.719097260037,38121fff
2025-08-15 19:51:00+00:00,-495526.76909725997,88893.23090274003,-11106.769097259967,38121fff
2025-08-15 19:52:00+00:00,-495526.76909725997,88873.58090274013,-11126.419097259874,38121fff
2025-08-15 19:53:00+00:00,-495526.76909725997,88803.28090273996,-11196.719097260037,38121fff
2025-08-15 19:54:00+00:00,-495526.76909725997,88859.4309027401,-11140.569097259897,38121fff
2025-08-15 19:55:00+00:00,-495526.76909725997,89016.33090274001,-10983.66909725999,38121fff
2025-08-15 19:56:00+00:00,-495526.76909725997,89173.28090273996,-10826.719097260037,38121fff
2025-08-15 19:57:00+00:00,-495526.76909725997,89275.03090274008,-10724.96909725992,38121fff
2025-08-15 19:58:00+00:00,-495526.76909725997,89173.1809027401,-10826.819097259897,38121fff
2025-08-15 19:59:00+00:00,-495526.76909725997,89154.58090274001,-10845.41909725999,38121fff
2025-08-15 20:00:00+00:00,-495526.76909725997,89153.93090273999,-10846.069097260013,38121fff
2025-08-15 20:01:00+00:00,-495526.76909725997,89335.73090274003,-10664.269097259967,38121fff
2025-08-15 20:02:00+00:00,-495526.76909725997,89132.18090273999,-10867.819097260013,38121fff
2025-08-15 20:03:00+00:00,-495526.76909725997,89239.33090274001,-10760.66909725999,38121fff
2025-08-15 20:04:00+00:00,-495526.76909725997,89254.58090274001,-10745.41909725999,38121fff
2025-08-15 20:05:00+00:00,-495526.76909725997,89248.1809027401,-10751.819097259897,38121fff
2025-08-15 20:06:00+00:00,-495526.76909725997,89050.83090274001,-10949.16909725999,38121fff
2025-08-15 20:07:00+00:00,-495526.76909725997,89003.23090274003,-10996.769097259967,38121fff
2025-08-15 20:08:00+00:00,-495526.76909725997,89371.33090274001,-10628.66909725999,38121fff
2025-08-15 20:09:00+00:00,-495526.76909725997,89657.08090274001,-10342.91909725999,38121fff
2025-08-15 20:10:00+00:00,-495526.76909725997,89573.23090274003,-10426.769097259967,38121fff
2025-08-15 20:11:00+00:00,-495526.76909725997,89840.73090274003,-10159.269097259967,38121fff
2025-08-15 20:12:00+00:00,-495526.76909725997,89970.6809027401,-10029.319097259897,38121fff
2025-08-15 20:13:00+00:00,-495526.76909725997,89914.03090274008,-10085.96909725992,38121fff
2025-08-15 20:14:00+00:00,-495526.76909725997,90153.78090274008,-9846.21909725992,38121fff
2025-08-15 20:15:00+00:00,-495526.76909725997,90335.28090274008,-9664.71909725992,38121fff
2025-08-15 20:16:00+00:00,-495526.76909725997,90353.28090273996,-9646.719097260037,38121fff
2025-08-15 20:17:00+00:00,-495526.76909725997,90153.78090274008,-9846.21909725992,38121fff
2025-08-15 20:18:00+00:00,-495526.76909725997,90292.83090274001,-9707.16909725999,38121fff
2025-08-15 20:19:00+00:00,-495526.76909725997,90396.9309027401,-9603.069097259897,38121fff
2025-08-15 20:20:00+00:00,-495526.76909725997,90030.88090274006,-9969.119097259943,38121fff
2025-08-15 20:21:00+00:00,-495526.76909725997,89938.08090274001,-10061.91909725999,38121fff
2025-08-15 20:22:00+00:00,-495526.76909725997,90013.1809027401,-9986.819097259897,38121fff
2025-08-15 20:23:00+00:00,-495526.76909725997,89770.78090273996,-10229.219097260037,38121fff
2025-08-15 20:24:00+00:00,-495526.76909725997,89893.08090274001,-10106.91909725999,38121fff
2025-08-15 20:25:00+00:00,-495526.76909725997,90043.48090274003,-9956.519097259967,38121fff
2025-08-15 20:26:00+00:00,-495526.76909725997,90008.28090273996,-9991.719097260037,38121fff
2025-08-15 20:27:00+00:00,-495526.76909725997,90253.23090274003,-9746.769097259967,38121fff
2025-08-15 20:28:00+00:00,-495526.76909725997,90490.63090274006,-9509.369097259943,38121fff
2025-08-15 20:29:00+00:00,-495526.76909725997,90441.03090274008,-9558.96909725992,38121fff
2025-08-15 20:30:00+00:00,-495526.76909725997,90769.73090274003,-9230.269097259967,38121fff
2025-08-15 20:31:00+00:00,-495526.76909725997,90899.18090273999,-9100.819097260013,38121fff
2025-08-15 20:32:00+00:00,-495526.76909725997,91003.78090274008,-8996.21909725992,38121fff
2025-08-15 20:33:00+00:00,-495526.76909725997,90803.23090274003,-9196.769097259967,38121fff
2025-08-15 20:34:00+00:00,-495526.76909725997,90490.6809027401,-9509.319097259897,38121fff
2025-08-15 20:35:00+00:00,-495526.76909725997,90626.58090274001,-9373.41909725999,38121fff
2025-08-15 20:36:00+00:00,-495526.76909725997,90653.23090274003,-9346.769097259967,38121fff
2025-08-15 20:37:00+00:00,-495526.76909725997,90592.58090274001,-9407.41909725999,38121fff
2025-08-15 20:38:00+00:00,-495526.76909725997,90559.48090274003,-9440.519097259967,38121fff
2025-08-15 20:39:00+00:00,-495526.76909725997,90700.53090274008,-9299.46909725992,38121fff
2025-08-15 20:40:00+00:00,-495526.76909725997,90850.58090274001,-9149.41909725999,38121fff
2025-08-15 20:41:00+00:00,-495526.76909725997,90850.63090274006,-9149.369097259943,38121fff
2025-08-15 20:42:00+00:00,-495526.76909725997,90729.83090274013,-9270.169097259874,38121fff
2025-08-15 20:43:00+00:00,-495526.76909725997,90607.83090274001,-9392.16909725999,38121fff
2025-08-15 20:44:00+00:00,-495526.76909725997,90603.63090274006,-9396.369097259943,38121fff
2025-08-15 20:45:00+00:00,-495526.76909725997,90656.18090273999,-9343.819097260013,38121fff
2025-08-15 20:46:00+00:00,-495526.76909725997,91014.78090274008,-8985.21909725992,38121fff
2025-08-15 20:47:00+00:00,-495526.76909725997,91090.53090274008,-8909.46909725992,38121fff
2025-08-15 20:48:00+00:00,-495526.76909725997,90808.78090274008,-9191.21909725992,38121fff
2025-08-15 20:49:00+00:00,-495526.76909725997,90693.1809027401,-9306.819097259897,38121fff
2025-08-15 20:50:00+00:00,-495526.76909725997,90693.13090274006,-9306.869097259943,38121fff
2025-08-15 20:51:00+00:00,-495526.76909725997,90601.43090273999,-9398.569097260013,38121fff
2025-08-15 20:52:00+00:00,-495526.76909725997,90803.63090274006,-9196.369097259943,38121fff
2025-08-15 20:53:00+00:00,-495526.76909725997,90953.08090274001,-9046.91909725999,38121fff
2025-08-15 20:54:00+00:00,-495526.76909725997,90850.58090274001,-9149.41909725999,38121fff
2025-08-15 20:55:00+00:00,-495526.76909725997,90803.73090274003,-9196.269097259967,38121fff
2025-08-15 20:56:00+00:00,-495526.76909725997,90838.78090274008,-9161.21909725992,38121fff
2025-08-15 20:57:00+00:00,-495526.76909725997,91089.58090274001,-8910.41909725999,38121fff
2025-08-15 20:58:00+00:00,-495526.76909725997,91013.83090274001,-8986.16909725999,38121fff
2025-08-15 20:59:00+00:00,-495526.76909725997,90873.23090274003,-9126.769097259967,38121fff
2025-08-15 21:00:00+00:00,-495526.76909725997,91090.58090274001,-8909.41909725999,38121fff
2025-08-15 21:01:00+00:00,-495526.76909725997,91151.63090273994,-8848.36909726006,38121fff
2025-08-15 21:02:00+00:00,-495526.76909725997,91223.23090274003,-8776.769097259967,38121fff
2025-08-15 21:03:00+00:00,-495526.76909725997,91063.53090274008,-8936.46909725992,38121fff
2025-08-15 21:04:00+00:00,-495526.76909725997,90901.68090273999,-9098.319097260013,38121fff
2025-08-15 21:05:00+00:00,-495526.76909725997,90623.28090273996,-9376.719097260037,38121fff
2025-08-15 21:06:00+00:00,-495526.76909725997,90585.23090274003,-9414.769097259967,38121fff
2025-08-15 21:07:00+00:00,-495526.76909725997,90530.63090274006,-9469.369097259943,38121fff
2025-08-15 21:08:00+00:00,-495526.76909725997,90473.28090273996,-9526.719097260037,38121fff
2025-08-15 21:09:00+00:00,-495526.76909725997,90423.23090274003,-9576.769097259967,38121fff
2025-08-15 21:10:00+00:00,-495526.76909725997,90352.48090274003,-9647.519097259967,38121fff
2025-08-15 21:11:00+00:00,-495526.76909725997,90223.28090273996,-9776.719097260037,38121fff
2025-08-15 21:12:00+00:00,-495526.76909725997,90223.28090273996,-9776.719097260037,38121fff
2025-08-15 21:13:00+00:00,-495526.76909725997,90143.48090274003,-9856.519097259967,38121fff
2025-08-15 21:14:00+00:00,-495526.76909725997,89844.73090274003,-10155.269097259967,38121fff
2025-08-15 21:15:00+00:00,-495526.76909725997,89844.68090273999,-10155.319097260013,38121fff
2025-08-15 21:16:00+00:00,-495526.76909725997,89624.28090274008,-10375.71909725992,38121fff
2025-08-15 21:17:00+00:00,-495526.76909725997,89970.6809027401,-10029.319097259897,38121fff
2025-08-15 21:18:00+00:00,-495526.76909725997,89844.63090274006,-10155.369097259943,38121fff
2025-08-15 21:19:00+00:00,-495526.76909725997,89863.23090274003,-10136.769097259967,38121fff
2025-08-15 21:20:00+00:00,-495526.76909725997,89673.23090274003,-10326.769097259967,38121fff
2025-08-15 21:21:00+00:00,-495526.76909725997,90130.6809027401,-9869.319097259897,38121fff
2025-08-15 21:22:00+00:00,-495526.76909725997,90369.53090273996,-9630.469097260037,38121fff
2025-08-15 21:23:00+00:00,-495526.76909725997,90369.58090274001,-9630.41909725999,38121fff
2025-08-15 21:24:00+00:00,-495526.76909725997,90459.73090274003,-9540.269097259967,38121fff
2025-08-15 21:25:00+00:00,-495526.76909725997,90773.33090274001,-9226.66909725999,38121fff
2025-08-15 21:26:00+00:00,-495526.76909725997,90746.13090274006,-9253.869097259943,38121fff
2025-08-15 21:27:00+00:00,-495526.76909725997,90790.08090274001,-9209.91909725999,38121fff
2025-08-15 21:28:00+00:00,-495526.76909725997,90790.13090274006,-9209.869097259943,38121fff
2025-08-15 21:29:00+00:00,-495526.76909725997,90733.28090273996,-9266.719097260037,38121fff
2025-08-15 21:30:00+00:00,-495526.76909725997,90530.58090274001,-9469.41909725999,38121fff
2025-08-15 21:31:00+00:00,-495526.76909725997,90496.18090273999,-9503.819097260013,38121fff
2025-08-15 21:32:00+00:00,-495526.76909725997,90496.18090273999,-9503.819097260013,38121fff
2025-08-15 21:33:00+00:00,-495526.76909725997,90496.23090274003,-9503.769097259967,38121fff
2025-08-15 21:34:00+00:00,-495526.76909725997,90496.23090274003,-9503.769097259967,38121fff
2025-08-15 21:35:00+00:00,-495526.76909725997,90610.6809027401,-9389.319097259897,38121fff
2025-08-15 21:36:00+00:00,-495526.76909725997,90732.93090273999,-9267.069097260013,38121fff
2025-08-15 21:37:00+00:00,-495526.76909725997,90851.53090274008,-9148.46909725992,38121fff
2025-08-15 21:38:00+00:00,-495526.76909725997,90894.78090274008,-9105.21909725992,38121fff
2025-08-15 21:39:00+00:00,-495526.76909725997,90604.48090274003,-9395.519097259967,38121fff
2025-08-15 21:40:00+00:00,-495526.76909725997,90287.38090274006,-9712.619097259943,38121fff
2025-08-15 21:41:00+00:00,-495526.76909725997,90572.43090273999,-9427.569097260013,38121fff
2025-08-15 21:42:00+00:00,-495526.76909725997,90715.13090274006,-9284.869097259943,38121fff
2025-08-15 21:43:00+00:00,-495526.76909725997,90490.6809027401,-9509.319097259897,38121fff
2025-08-15 21:44:00+00:00,-495526.76909725997,90673.1809027401,-9326.819097259897,38121fff
2025-08-15 21:45:00+00:00,-495526.76909725997,90733.1809027401,-9266.819097259897,38121fff
2025-08-15 21:46:00+00:00,-495526.76909725997,90847.53090274008,-9152.46909725992,38121fff
2025-08-15 21:47:00+00:00,-495526.76909725997,90653.58090274013,-9346.419097259874,38121fff
2025-08-15 21:48:00+00:00,-495526.76909725997,90653.53090274008,-9346.46909725992,38121fff
2025-08-15 21:49:00+00:00,-495526.76909725997,90743.08090274001,-9256.91909725999,38121fff
2025-08-15 21:50:00+00:00,-495526.76909725997,90677.03090273996,-9322.969097260037,38121fff
2025-08-15 21:51:00+00:00,-495526.76909725997,90793.33090274001,-9206.66909725999,38121fff
2025-08-15 21:52:00+00:00,-495526.76909725997,90911.78090274008,-9088.21909725992,38121fff
2025-08-15 21:53:00+00:00,-495526.76909725997,90947.98090274003,-9052.019097259967,38121fff
2025-08-15 21:54:00+00:00,-495526.76909725997,91011.83090274001,-8988.16909725999,38121fff
2025-08-15 21:55:00+00:00,-495526.76909725997,90911.78090274008,-9088.21909725992,38121fff
2025-08-15 21:56:00+00:00,-495526.76909725997,90952.88090273994,-9047.11909726006,38121fff
2025-08-15 21:57:00+00:00,-495526.76909725997,90983.1809027401,-9016.819097259897,38121fff
2025-08-15 21:58:00+00:00,-495526.76909725997,90912.08090274001,-9087.91909725999,38121fff
2025-08-15 21:59:00+00:00,-495526.76909725997,91073.33090274001,-8926.66909725999,38121fff
2025-08-15 22:00:00+00:00,-495526.76909725997,91090.58090274001,-8909.41909725999,38121fff
2025-08-15 22:01:00+00:00,-495526.76909725997,90986.53090274008,-9013.46909725992,38121fff
2025-08-15 22:02:00+00:00,-495526.76909725997,91233.23090274003,-8766.769097259967,38121fff
2025-08-15 22:03:00+00:00,-495526.76909725997,91356.08090274013,-8643.919097259874,38121fff
2025-08-15 22:04:00+00:00,-495526.76909725997,91328.78090274008,-8671.21909725992,38121fff
2025-08-15 22:05:00+00:00,-495526.76909725997,91233.23090274003,-8766.769097259967,38121fff
2025-08-15 22:06:00+00:00,-495526.76909725997,91233.1809027401,-8766.819097259897,38121fff
2025-08-15 22:07:00+00:00,-495526.76909725997,91233.23090274003,-8766.769097259967,38121fff
2025-08-15 22:08:00+00:00,-495526.76909725997,91234.83090274013,-8765.169097259874,38121fff
2025-08-15 22:09:00+00:00,-495526.76909725997,91233.28090273996,-8766.719097260037,38121fff
2025-08-15 22:10:00+00:00,-495526.76909725997,91233.28090273996,-8766.719097260037,38121fff
2025-08-15 22:11:00+00:00,-495526.76909725997,91233.23090274003,-8766.769097259967,38121fff
2025-08-15 22:12:00+00:00,-495526.76909725997,91073.28090273996,-8926.719097260037,38121fff
2025-08-15 22:13:00+00:00,-495526.76909725997,91073.28090273996,-8926.719097260037,38121fff
2025-08-15 22:14:00+00:00,-495526.76909725997,91073.03090274008,-8926.96909725992,38121fff
2025-08-15 22:15:00+00:00,-495526.76909725997,91173.13090274006,-8826.869097259943,38121fff
2025-08-15 22:16:00+00:00,-495526.76909725997,91090.53090274008,-8909.46909725992,38121fff
2025-08-15 22:17:00+00:00,-495526.76909725997,91090.58090274001,-8909.41909725999,38121fff
2025-08-15 22:18:00+00:00,-495526.76909725997,91122.58090274001,-8877.41909725999,38121fff
2025-08-15 22:19:00+00:00,-495526.76909725997,91122.53090274008,-8877.46909725992,38121fff
2025-08-15 22:20:00+00:00,-495526.76909725997,91122.53090274008,-8877.46909725992,38121fff
2025-08-15 22:21:00+00:00,-495526.76909725997,91122.58090274001,-8877.41909725999,38121fff
2025-08-15 22:22:00+00:00,-495526.76909725997,91223.23090274003,-8776.769097259967,38121fff
2025-08-15 22:23:00+00:00,-495526.76909725997,91357.88090273994,-8642.11909726006,38121fff
2025-08-15 22:24:00+00:00,-495526.76909725997,91357.83090274001,-8642.16909725999,38121fff
2025-08-15 22:25:00+00:00,-495526.76909725997,91357.83090274001,-8642.16909725999,38121fff
2025-08-15 22:26:00+00:00,-495526.76909725997,91357.83090274001,-8642.16909725999,38121fff
2025-08-15 22:27:00+00:00,-495526.76909725997,91357.83090274001,-8642.16909725999,38121fff
2025-08-15 22:28:00+00:00,-495526.76909725997,91357.83090274001,-8642.16909725999,38121fff
2025-08-15 22:29:00+00:00,-495526.76909725997,91357.83090274001,-8642.16909725999,38121fff
2025-08-15 22:30:00+00:00,-495526.76909725997,91407.68090273999,-8592.319097260013,38121fff
2025-08-15 22:31:00+00:00,-495526.76909725997,91570.43090273999,-8429.569097260013,38121fff
2025-08-15 22:32:00+00:00,-495526.76909725997,91650.48090274003,-8349.519097259967,38121fff
2025-08-15 22:33:00+00:00,-495526.76909725997,91835.93090273999,-8164.069097260013,38121fff
2025-08-15 22:34:00+00:00,-495526.76909725997,91973.1809027401,-8026.819097259897,38121fff
2025-08-15 22:35:00+00:00,-495526.76909725997,91913.23090274003,-8086.769097259967,38121fff
2025-08-15 22:36:00+00:00,-495526.76909725997,92007.93090273999,-7992.069097260013,38121fff
2025-08-15 22:37:00+00:00,-495526.76909725997,92007.93090273999,-7992.069097260013,38121fff
2025-08-15 22:38:00+00:00,-495526.76909725997,91900.23090274003,-8099.769097259967,38121fff
2025-08-15 22:39:00+00:00,-495526.76909725997,91900.23090274003,-8099.769097259967,38121fff
2025-08-15 22:40:00+00:00,-495526.76909725997,91723.88090274006,-8276.119097259943,38121fff
2025-08-15 22:41:00+00:00,-495526.76909725997,91818.83090274001,-8181.16909725999,38121fff
2025-08-15 22:42:00+00:00,-495526.76909725997,91818.83090274001,-8181.16909725999,38121fff
2025-08-15 22:43:00+00:00,-495526.76909725997,91740.93090273999,-8259.069097260013,38121fff
2025-08-15 22:44:00+00:00,-495526.76909725997,91728.08090274001,-8271.91909725999,38121fff
2025-08-15 22:45:00+00:00,-495526.76909725997,91968.1809027401,-8031.819097259897,38121fff
2025-08-15 22:46:00+00:00,-495526.76909725997,91941.83090274001,-8058.16909725999,38121fff
2025-08-15 22:47:00+00:00,-495526.76909725997,91941.83090274001,-8058.16909725999,38121fff
2025-08-15 22:48:00+00:00,-495526.76909725997,91941.83090274001,-8058.16909725999,38121fff
2025-08-15 22:49:00+00:00,-495526.76909725997,92117.18090273999,-7882.819097260013,38121fff
2025-08-15 22:50:00+00:00,-495526.76909725997,92188.68090273999,-7811.319097260013,38121fff
2025-08-15 22:51:00+00:00,-495526.76909725997,92290.38090273994,-7709.61909726006,38121fff
2025-08-15 22:52:00+00:00,-495526.76909725997,92502.33090274013,-7497.6690972598735,38121fff
2025-08-15 22:53:00+00:00,-495526.76909725997,92770.33090274001,-7229.66909725999,38121fff
2025-08-15 22:54:00+00:00,-495526.76909725997,92932.08090274001,-7067.91909725999,38121fff
2025-08-15 22:55:00+00:00,-495526.76909725997,93010.28090274008,-6989.71909725992,38121fff
2025-08-15 22:56:00+00:00,-495526.76909725997,93164.23090274003,-6835.769097259967,38121fff
2025-08-15 22:57:00+00:00,-495526.76909725997,92985.28090274008,-7014.71909725992,38121fff
2025-08-15 22:58:00+00:00,-495526.76909725997,92883.28090273996,-7116.7190972600365,38121fff
2025-08-15 22:59:00+00:00,-495526.76909725997,92983.23090274003,-7016.769097259967,38121fff
2025-08-15 23:00:00+00:00,-495526.76909725997,93173.23090274003,-6826.769097259967,38121fff
2025-08-15 23:01:00+00:00,-495526.76909725997,93282.63090274006,-6717.369097259943,38121fff
2025-08-15 23:02:00+00:00,-495526.76909725997,93282.58090274001,-6717.41909725999,38121fff
2025-08-15 23:03:00+00:00,-495526.76909725997,92493.23090274003,-7506.769097259967,38121fff
2025-08-15 23:04:00+00:00,-495526.76909725997,92088.73090274003,-7911.269097259967,38121fff
2025-08-15 23:05:00+00:00,-495526.76909725997,92453.93090273999,-7546.069097260013,38121fff
2025-08-15 23:06:00+00:00,-495526.76909725997,91723.23090274003,-8276.769097259967,38121fff
2025-08-15 23:07:00+00:00,-495526.76909725997,91763.63090274006,-8236.369097259943,38121fff
2025-08-15 23:08:00+00:00,-495526.76909725997,91651.38090274006,-8348.619097259943,38121fff
2025-08-15 23:09:00+00:00,-495526.76909725997,91343.58090274013,-8656.419097259874,38121fff
2025-08-15 23:10:00+00:00,-495526.76909725997,91308.43090273999,-8691.569097260013,38121fff
2025-08-15 23:11:00+00:00,-495526.76909725997,91200.6809027401,-8799.319097259897,38121fff
2025-08-15 23:12:00+00:00,-495526.76909725997,91361.83090274001,-8638.16909725999,38121fff
2025-08-15 23:13:00+00:00,-495526.76909725997,91230.28090274008,-8769.71909725992,38121fff
2025-08-15 23:14:00+00:00,-495526.76909725997,91103.38090274006,-8896.619097259943,38121fff
2025-08-15 23:15:00+00:00,-495526.76909725997,90783.28090273996,-9216.719097260037,38121fff
2025-08-15 23:16:00+00:00,-495526.76909725997,90707.38090274006,-9292.619097259943,38121fff
2025-08-15 23:17:00+00:00,-495526.76909725997,90569.23090274003,-9430.769097259967,38121fff
2025-08-15 23:18:00+00:00,-495526.76909725997,90673.23090274003,-9326.769097259967,38121fff
2025-08-15 23:19:00+00:00,-495526.76909725997,90312.83090274001,-9687.16909725999,38121fff
2025-08-15 23:20:00+00:00,-495526.76909725997,90457.88090273994,-9542.11909726006,38121fff
2025-08-15 23:21:00+00:00,-495526.76909725997,90404.58090274001,-9595.41909725999,38121fff
2025-08-15 23:22:00+00:00,-495526.76909725997,90340.03090274008,-9659.96909725992,38121fff
2025-08-15 23:23:00+00:00,-495526.76909725997,89973.28090273996,-10026.719097260037,38121fff
2025-08-15 23:24:00+00:00,-495526.76909725997,89773.1809027401,-10226.819097259897,38121fff
2025-08-15 23:25:00+00:00,-495526.76909725997,90210.58090274001,-9789.41909725999,38121fff
2025-08-15 23:26:00+00:00,-495526.76909725997,90158.43090273999,-9841.569097260013,38121fff
2025-08-15 23:27:00+00:00,-495526.76909725997,90163.23090274003,-9836.769097259967,38121fff
2025-08-15 23:28:00+00:00,-495526.76909725997,90352.93090273999,-9647.069097260013,38121fff
2025-08-15 23:29:00+00:00,-495526.76909725997,90366.08090274013,-9633.919097259874,38121fff
2025-08-15 23:30:00+00:00,-495526.76909725997,90171.58090274001,-9828.41909725999,38121fff
2025-08-15 23:31:00+00:00,-495526.76909725997,89918.43090273999,-10081.569097260013,38121fff
2025-08-15 23:32:00+00:00,-495526.76909725997,90131.73090274003,-9868.269097259967,38121fff
2025-08-15 23:33:00+00:00,-495526.76909725997,90241.03090274008,-9758.96909725992,38121fff
2025-08-15 23:34:00+00:00,-495526.76909725997,90241.03090274008,-9758.96909725992,38121fff
2025-08-15 23:35:00+00:00,-495526.76909725997,90130.6809027401,-9869.319097259897,38121fff
2025-08-15 23:36:00+00:00,-495526.76909725997,90130.73090274003,-9869.269097259967,38121fff
2025-08-15 23:37:00+00:00,-495526.76909725997,90054.38090274006,-9945.619097259943,38121fff
2025-08-15 23:38:00+00:00,-495526.76909725997,90422.03090273996,-9577.969097260037,38121fff
2025-08-15 23:39:00+00:00,-495526.76909725997,90490.6809027401,-9509.319097259897,38121fff
2025-08-15 23:40:00+00:00,-495526.76909725997,90513.23090274003,-9486.769097259967,38121fff
2025-08-15 23:41:00+00:00,-495526.76909725997,90490.63090274006,-9509.369097259943,38121fff
2025-08-15 23:42:00+00:00,-495526.76909725997,90322.28090274008,-9677.71909725992,38121fff
2025-08-15 23:43:00+00:00,-495526.76909725997,90343.13090274006,-9656.869097259943,38121fff
2025-08-15 23:44:00+00:00,-495526.76909725997,90223.58090274013,-9776.419097259874,38121fff
2025-08-15 23:45:00+00:00,-495526.76909725997,90142.83090274001,-9857.16909725999,38121fff
2025-08-15 23:46:00+00:00,-495526.76909725997,90259.93090273999,-9740.069097260013,38121fff
2025-08-15 23:47:00+00:00,-495526.76909725997,90333.68090273999,-9666.319097260013,38121fff
2025-08-15 23:48:00+00:00,-495526.76909725997,90473.1809027401,-9526.819097259897,38121fff
2025-08-15 23:49:00+00:00,-495526.76909725997,90453.13090274006,-9546.869097259943,38121fff
2025-08-15 23:50:00+00:00,-495526.76909725997,90473.23090274003,-9526.769097259967,38121fff
2025-08-15 23:51:00+00:00,-495526.76909725997,90496.38090274006,-9503.619097259943,38121fff
2025-08-15 23:52:00+00:00,-495526.76909725997,90619.28090274008,-9380.71909725992,38121fff
2025-08-15 23:53:00+00:00,-495526.76909725997,90619.28090274008,-9380.71909725992,38121fff
2025-08-15 23:54:00+00:00,-495526.76909725997,90653.13090274006,-9346.869097259943,38121fff
2025-08-15 23:55:00+00:00,-495526.76909725997,90772.88090273994,-9227.11909726006,38121fff
2025-08-15 23:56:00+00:00,-495526.76909725997,91090.58090274001,-8909.41909725999,38121fff
2025-08-15 23:57:00+00:00,-495526.76909725997,91090.58090274001,-8909.41909725999,38121fff
2025-08-15 23:58:00+00:00,-495526.76909725997,91086.43090273999,-8913.569097260013,38121fff
2025-08-15 23:59:00+00:00,-495526.76909725997,91183.48090274003,-8816.519097259967,38121fff
2025-08-16 00:00:00+00:00,-495526.76909725997,90797.53090274008,-9202.46909725992,38121fff
